-- MySQL dump 10.13  Distrib 8.0.11, for Win64 (x86_64)
--
-- Host: localhost    Database: squadhubmediadb
-- ------------------------------------------------------
-- Server version	8.0.11

/*!40101 SET @OLD_CHARACTER_SET_CLIENT=@@CHARACTER_SET_CLIENT */;
/*!40101 SET @OLD_CHARACTER_SET_RESULTS=@@CHARACTER_SET_RESULTS */;
/*!40101 SET @OLD_COLLATION_CONNECTION=@@COLLATION_CONNECTION */;
 SET NAMES utf8 ;
/*!40103 SET @OLD_TIME_ZONE=@@TIME_ZONE */;
/*!40103 SET TIME_ZONE='+00:00' */;
/*!40014 SET @OLD_UNIQUE_CHECKS=@@UNIQUE_CHECKS, UNIQUE_CHECKS=0 */;
/*!40014 SET @OLD_FOREIGN_KEY_CHECKS=@@FOREIGN_KEY_CHECKS, FOREIGN_KEY_CHECKS=0 */;
/*!40101 SET @OLD_SQL_MODE=@@SQL_MODE, SQL_MODE='NO_AUTO_VALUE_ON_ZERO' */;
/*!40111 SET @OLD_SQL_NOTES=@@SQL_NOTES, SQL_NOTES=0 */;

--
-- Table structure for table `account`
--

DROP TABLE IF EXISTS `account`;
/*!40101 SET @saved_cs_client     = @@character_set_client */;
 SET character_set_client = utf8mb4 ;
CREATE TABLE `account` (
  `accountId` int(111) NOT NULL,
  `accountName` varchar(255) DEFAULT NULL,
  `ibuId` int(111) DEFAULT NULL,
  PRIMARY KEY (`accountId`),
  UNIQUE KEY `accountId_UNIQUE` (`accountId`)
) ENGINE=InnoDB DEFAULT CHARSET=latin1;
/*!40101 SET character_set_client = @saved_cs_client */;

--
-- Dumping data for table `account`
--

LOCK TABLES `account` WRITE;
/*!40000 ALTER TABLE `account` DISABLE KEYS */;
INSERT INTO `account` VALUES (1,'Nokia/ALU',1),(2,'Metlife/Alico',1),(3,'Citibank(US)',1),(4,'Deloitte',1),(5,'EDMC',1),(6,'GCA',1),(7,'IQVIA',1),(8,'Penn Foster',1),(9,'Pitney Bowes',1),(10,'Rio Tinto',1),(11,'Eagle',1),(12,'Rockwell',1),(13,'SAP',1),(14,'Skillsoft',1),(15,'Standard Chartered',1),(16,'Unilever',1),(17,'Shell',1),(18,'Equinor',1),(19,'Genpact-NIPE',1),(20,'Lavoro',1),(21,'ABB',1),(22,'Reliance',1),(23,'Maruti',1),(24,'CEB',1),(25,'CEB-Tpass',1),(26,'RECO',1),(27,'Internal-LC',1),(28,'Presales',1),(29,'GE',1),(30,'DCEH',1),(31,'AON',1),(32,'Baxter',1),(33,'Bilfinger',1),(34,'Boston Scientific',1),(35,'Country Financial',1),(36,'Kaiser Permanente',1),(37,'Principal',1),(38,'Reliance PetChem',1),(39,'Reliance PNC',1),(40,'Reliance Retail',1),(41,'Westfield',1),(42,'WFP',1),(43,'World Bank',1),(44,'Generic',1),(45,'CitiBank UK',1),(46,'Discover',1),(47,'Course Academy',1),(48,'HMH',1);
/*!40000 ALTER TABLE `account` ENABLE KEYS */;
UNLOCK TABLES;

--
-- Table structure for table `bookinghistory`
--

DROP TABLE IF EXISTS `bookinghistory`;
/*!40101 SET @saved_cs_client     = @@character_set_client */;
 SET character_set_client = utf8mb4 ;
CREATE TABLE `bookinghistory` (
  `userId` int(111) NOT NULL,
  `userFullName` varchar(255) NOT NULL,
  `accountId` int(111) NOT NULL,
  `projectId` int(111) NOT NULL,
  `assignHours` int(111) NOT NULL,
  `bookingDate` date DEFAULT NULL,
  `createdByName` varchar(255) DEFAULT NULL,
  `createdByEmail` varchar(255) DEFAULT NULL,
  `updatedByName` varchar(255) DEFAULT NULL,
  `updatedByEmail` varchar(255) DEFAULT NULL,
  `deletedByName` varchar(255) DEFAULT NULL,
  `deletedByEmail` varchar(255) DEFAULT NULL,
  `createDate` datetime DEFAULT NULL,
  `updatedDate` datetime DEFAULT NULL,
  `deleteDate` datetime DEFAULT NULL,
  `towerId` int(111) DEFAULT NULL
) ENGINE=InnoDB DEFAULT CHARSET=latin1;
/*!40101 SET character_set_client = @saved_cs_client */;

--
-- Dumping data for table `bookinghistory`
--

LOCK TABLES `bookinghistory` WRITE;
/*!40000 ALTER TABLE `bookinghistory` DISABLE KEYS */;
INSERT INTO `bookinghistory` VALUES (240,'AARTIKA  DHAMIJA',21,175,3,'2019-04-30','ADMIN','admin@niit.com',NULL,NULL,NULL,NULL,'2019-04-29 11:40:59',NULL,NULL,2),(240,'AARTIKA  DHAMIJA',21,175,3,'2019-04-29','ADMIN','admin@niit.com',NULL,NULL,NULL,NULL,'2019-04-29 11:40:59',NULL,NULL,2),(109,'Khushboo - LC',48,141,8,'2019-04-29','ADMIN','admin@niit.com',NULL,NULL,NULL,NULL,'2019-04-29 12:25:18',NULL,NULL,3),(110,'Prashant Gupta - HMH',48,141,8,'2019-04-30','ADMIN','admin@niit.com',NULL,NULL,NULL,NULL,'2019-04-29 12:25:18',NULL,NULL,3),(110,'Prashant Gupta - HMH',48,141,8,'2019-04-29','ADMIN','admin@niit.com',NULL,NULL,NULL,NULL,'2019-04-29 12:25:18',NULL,NULL,3),(109,'Khushboo - LC',48,141,8,'2019-04-30','ADMIN','admin@niit.com',NULL,NULL,NULL,NULL,'2019-04-29 12:25:18',NULL,NULL,3),(109,'Khushboo - LC',48,141,6,'2019-04-29',NULL,NULL,NULL,NULL,NULL,NULL,NULL,'2019-04-29 12:25:54',NULL,3),(109,'Khushboo - LC',48,141,6,'2019-04-30',NULL,NULL,NULL,NULL,NULL,NULL,NULL,'2019-04-29 12:25:54',NULL,3),(240,'AARTIKA DHAMIJA',21,175,2,'2019-04-30',NULL,NULL,NULL,NULL,NULL,NULL,NULL,'2019-04-29 13:23:56',NULL,2),(240,'AARTIKA DHAMIJA',21,175,2,'2019-04-29',NULL,NULL,NULL,NULL,NULL,NULL,NULL,'2019-04-29 13:23:56',NULL,2);
/*!40000 ALTER TABLE `bookinghistory` ENABLE KEYS */;
UNLOCK TABLES;

--
-- Table structure for table `ibu`
--

DROP TABLE IF EXISTS `ibu`;
/*!40101 SET @saved_cs_client     = @@character_set_client */;
 SET character_set_client = utf8mb4 ;
CREATE TABLE `ibu` (
  `ibuId` int(111) NOT NULL,
  `ibuName` varchar(255) NOT NULL,
  PRIMARY KEY (`ibuId`)
) ENGINE=InnoDB DEFAULT CHARSET=latin1;
/*!40101 SET character_set_client = @saved_cs_client */;

--
-- Dumping data for table `ibu`
--

LOCK TABLES `ibu` WRITE;
/*!40000 ALTER TABLE `ibu` DISABLE KEYS */;
INSERT INTO `ibu` VALUES (1,'LC');
/*!40000 ALTER TABLE `ibu` ENABLE KEYS */;
UNLOCK TABLES;

--
-- Table structure for table `project`
--

DROP TABLE IF EXISTS `project`;
/*!40101 SET @saved_cs_client     = @@character_set_client */;
 SET character_set_client = utf8mb4 ;
CREATE TABLE `project` (
  `projectId` int(111) NOT NULL AUTO_INCREMENT,
  `accountId` int(111) DEFAULT NULL,
  `projectName` varchar(255) DEFAULT NULL,
  `accountManager` varchar(255) DEFAULT NULL,
  `towerId` int(111) DEFAULT NULL,
  PRIMARY KEY (`projectId`)
) ENGINE=InnoDB AUTO_INCREMENT=176 DEFAULT CHARSET=latin1;
/*!40101 SET character_set_client = @saved_cs_client */;

--
-- Dumping data for table `project`
--

LOCK TABLES `project` WRITE;
/*!40000 ALTER TABLE `project` DISABLE KEYS */;
INSERT INTO `project` VALUES (1,1,'Nokia/ALU','NA',1),(2,2,'PART 2 - Agency Gulf+Latam','Shamim Ahmed',1),(3,2,'PART 3 - Agency ENG (2 Courses)','Shamim Ahmed',1),(4,2,'Virtual Induction','Shamim Ahmed',1),(5,2,'Local Set-A (1 course) HNWI','Shamim Ahmed',1),(6,2,'Local Set-B (5 courses) DM Chile','Shamim Ahmed',1),(7,2,'Local Set-C (7 courses) EB Chile ','Shamim Ahmed',1),(8,2,'Local Set-D (5 courses) Brazil','Shamim Ahmed',1),(9,2,'Local Set-E (6 courses) SM','Shamim Ahmed',1),(10,2,'Local Set-F (15 courses) Chaina','Shamim Ahmed',1),(11,2,'MetLife Old courses generic work ','Shamim Ahmed',1),(12,2,'Metlife/Alico','NA',1),(13,3,'CASS (Module 9)','Maninder',1),(14,3,'DPF (Module 10)','Maninder',1),(15,3,'DIQ (Affiliates ML)','Maninder',1),(16,3,'Playbook Templates','Maninder',1),(17,3,'Citibank(US)','NA',1),(18,4,'Deloitte','NA',1),(19,5,'EDMC','NA',1),(20,6,'GCA','NA',1),(21,7,'CRA Phase 1, 2A and 2B','Maninder',1),(22,7,'CRA Japanese Translation','Maninder',1),(23,7,'MIB','Maninder',1),(24,7,'Data Warehouse','Maninder',1),(25,7,'IMS Sales Module 8','Maninder',1),(26,7,'Negotiation Skills','Maninder',1),(27,7,'MOOC (4 Modules)','Maninder',1),(28,7,'IQVIA','NA',1),(29,8,'Penn Foster','NA',1),(30,9,'Pitney Bowes','NA',1),(31,9,'Pitney Bowes (WBTs, Videos and ILTs projects)','Maninder',1),(32,10,'Gove Induction','Ali Zaidi',1),(33,10,'OCP Module revision','Ali Zaidi',1),(34,10,'RIO Maintenance Courses','Ali Zaidi',1),(35,10,'Oven Maitainenance','Ali Zaidi',1),(36,10,'Rio Tinto','NA',1),(37,11,'Eagle','NA',1),(38,12,'Rockwell','Shamim Ahmed',1),(39,13,'SAP','Ali Zaidi',1),(40,14,'Lowend/Midend Video','Pradip Ranjan Deb',1),(41,14,'Digital Transformation','Pradip Ranjan Deb',1),(42,14,'Softskill','Pradip Ranjan Deb',1),(43,14,'ESH Bronze','Pradip Ranjan Deb',1),(44,14,'ESH Gold','Pradip Ranjan Deb',1),(45,14,'ESH Localization','Pradip Ranjan Deb',1),(46,14,'POC','Pradip Ranjan Deb',1),(48,15,'Standard Chartered','NA',1),(49,16,'Rise','Ali Zaidi',1),(50,16,'Icream sustainability','Ali Zaidi',1),(51,16,'M2K','Ali Zaidi',1),(52,16,'BI(Adabtive learning)','Ali Zaidi',1),(53,16,'Unilever','NA',1),(54,17,'Whiteboard slides','Aftab',1),(55,17,'ER Nigeria','Aftab',1),(56,17,'PTM Hub','Aftab',1),(57,17,'SGW','Aftab',1),(58,17,'SIAR','Aftab',1),(59,17,'DROPS Update','Aftab',1),(60,17,'GCM M5','Aftab',1),(61,17,'QGC Upstream - Safety Case Awareness','Aftab',1),(62,17,'TLAG 1','Aftab',1),(63,17,'TLAG 2','Aftab',1),(64,17,'TLAG 3','Aftab',1),(65,17,'TLAG 4','Aftab',1),(66,17,'TLAG 5','Aftab',1),(67,17,'Robbery','Aftab',1),(68,17,'Emergency First Aid','Aftab',1),(69,17,'Forecourt Safety','Aftab',1),(70,17,'Hazardous Substances','Aftab',1),(71,17,'Electrical & Fire Safety','Aftab',1),(72,17,'Slip, Trips & Falls','Aftab',1),(73,17,'Retail Onboarding','Aftab',1),(74,17,'HSSE Leadership','Aftab',1),(75,17,'Wet Stock management','Aftab',1),(76,17,'Process Safety Fundamentals','Aftab',1),(77,17,'Fatigue Management','Aftab',1),(78,17,'EE Video Creation - Module 1','Aftab',1),(79,17,'Wells Digitalization Overview Video','Aftab',1),(80,17,'Shell','NA',1),(81,18,'Crisis Management','Aftab',1),(82,18,'Drive head Change out','Aftab',1),(83,18,'GMO','Aftab',1),(84,18,'Dry Gas Seal to be initiated','Aftab',1),(85,18,'Scaffolding Training','Aftab',1),(86,18,'Score 2','Aftab',1),(87,18,'Equinor','NA',1),(88,19,'NHO (16 Modules)','Maninder',1),(89,19,'Genpact-NIPE','NA',1),(90,20,'Lavoro','NA',1),(91,21,'Project Management','Maninder',1),(92,21,'Octopus','Maninder',1),(93,21,'Ergonomics','Maninder',1),(94,21,'GBS GTS','Maninder',1),(95,21,'Transport and Infrastructure','Maninder',1),(96,21,'Power Transmission','Maninder',1),(97,21,'Power Distribution','Maninder',1),(98,21,'Battery Energy Storage','Maninder',1),(99,21,'ABB','NA',1),(100,22,'Reliance','NA',1),(101,23,'Maruti','NA',1),(102,24,'CEB','NA',1),(103,25,'CEB-Tpass','NA',1),(104,26,'RECO WBT','Pradip Ranjan Deb',1),(105,26,'RECO','NA',1),(106,27,'Internal-LC','NA',1),(107,28,'Presales','NA',1),(108,29,'Gas Turbine + Steam Turbine (GT ST) ','Ali Zaidi',1),(109,29,'BHGE 5 Animations/Simulations','Ali Zaidi',1),(110,29,'O&M - Conversion','Ali Zaidi',1),(111,29,'GE','NA',1),(112,30,'DCEH','NA',1),(113,31,'AON POI','Ali Zaidi',1),(114,31,'AON','NA',1),(115,32,'Baxter','Ali Zaidi',1),(116,33,'Working Capital Management','Ali Zaidi',1),(117,33,'Bilfinger','NA',1),(118,34,'Boston Scientific Sales - Maintenance','Ali Zaidi',1),(119,34,'Boston Scientific','NA',1),(120,35,'Country Financial','Ali Zaidi',1),(121,36,'Conversion courses ','Maninder',1),(122,36,'Kaiser Permanente','NA',1),(123,37,'Principal','Ali Zaidi',1),(124,38,'10 WBT Mobile responsive modules','Maninder',1),(125,38,'Reliance PetChem','NA',1),(126,39,'10 Nuggets','Maninder',1),(127,39,'Reliance PNC','NA',1),(128,40,'10 WBTs','Maninder',1),(129,40,'Reliance Retail','NA',1),(130,41,'Day in the Life','Maninder',1),(131,41,'Westfield','NA',1),(132,42,'Third Party Monitoring','Maninder',1),(133,42,'WFP','NA',1),(134,43,'World Bank','Ali Zaidi',1),(135,44,'Generic','NA',1),(136,44,'Meeting','NA',1),(137,44,'Training','NA',1),(138,45,'CitiBank UK','Maninder',1),(139,46,'Discover','Maninder',1),(140,47,'Cloud Academy','Maninder',1),(141,48,'SM','Dhayaparam Muthukumaran',3),(142,48,'PROD-OPS','Dhayaparam Muthukumaran',3),(143,48,'RE','Dhayaparam Muthukumaran',3),(144,48,'QA','Dhayaparam Muthukumaran',3),(145,1,'Nokia/ALU','NA',2),(146,2,'Metlife/Alico','NA',2),(147,3,'Citibank(US)','NA',2),(148,4,'Deloitte','NA',2),(149,5,'EDMC','NA',2),(150,6,'GCA','NA',2),(151,7,'IQVIA','NA',2),(152,8,'Penn Foster','NA',2),(153,9,'Pitney Bowes','NA',2),(154,10,'Rio Tinto','NA',2),(155,11,'Eagle','NA',2),(156,12,'Rockwell','NA',2),(157,13,'SAP','NA',2),(158,14,'Skillsoft','NA',2),(159,15,'Standard Chartered','NA',2),(160,16,'Unilever','NA',2),(161,17,'Shell','NA',2),(162,18,'Equinor','NA',2),(163,19,'Genpact-NIPE','NA',2),(164,20,'Lavoro','NA',2),(166,22,'Reliance','NA',2),(167,23,'Maruti','NA',2),(168,24,'CEB','NA',2),(169,25,'CEB-Tpass','NA',2),(170,26,'RECO','NA',2),(171,27,'Internal-LC','NA',2),(172,28,'Presales','NA',2),(173,29,'GE','NA',2),(174,30,'DCEH','NA',2),(175,21,'ABB','NA',2);
/*!40000 ALTER TABLE `project` ENABLE KEYS */;
UNLOCK TABLES;

--
-- Table structure for table `tower`
--

DROP TABLE IF EXISTS `tower`;
/*!40101 SET @saved_cs_client     = @@character_set_client */;
 SET character_set_client = utf8mb4 ;
CREATE TABLE `tower` (
  `towerId` int(111) NOT NULL,
  `towerName` varchar(255) NOT NULL,
  `ibuId` int(111) NOT NULL,
  PRIMARY KEY (`towerId`)
) ENGINE=InnoDB DEFAULT CHARSET=latin1;
/*!40101 SET character_set_client = @saved_cs_client */;

--
-- Dumping data for table `tower`
--

LOCK TABLES `tower` WRITE;
/*!40000 ALTER TABLE `tower` DISABLE KEYS */;
INSERT INTO `tower` VALUES (1,'Media',1),(2,'CD',1),(3,'RICH MEDIA',1);
/*!40000 ALTER TABLE `tower` ENABLE KEYS */;
UNLOCK TABLES;

--
-- Table structure for table `useradmin`
--

DROP TABLE IF EXISTS `useradmin`;
/*!40101 SET @saved_cs_client     = @@character_set_client */;
 SET character_set_client = utf8mb4 ;
CREATE TABLE `useradmin` (
  `userId` int(111) NOT NULL,
  `userFullName` varchar(255) DEFAULT NULL,
  `userName` varchar(255) DEFAULT NULL,
  `userEmail` varchar(255) DEFAULT NULL,
  `userPassword` varchar(255) DEFAULT NULL,
  `userRoll` varchar(255) DEFAULT NULL,
  `imageURL` varchar(255) DEFAULT NULL,
  `towerId` int(111) DEFAULT NULL,
  PRIMARY KEY (`userId`),
  UNIQUE KEY `userId_UNIQUE` (`userId`)
) ENGINE=InnoDB DEFAULT CHARSET=latin1;
/*!40101 SET character_set_client = @saved_cs_client */;

--
-- Dumping data for table `useradmin`
--

LOCK TABLES `useradmin` WRITE;
/*!40000 ALTER TABLE `useradmin` DISABLE KEYS */;
INSERT INTO `useradmin` VALUES (1,'SHAMIM AHMED','shamim.ahmed','ShamimA@NIIT.com','shamim@1234','MEDIA DEVELOPMENT MANAGER','https://i0.wp.com/www.winhelponline.com/blog/wp-content/uploads/2017/12/user.png?fit=256%2C256&quality=100&ssl=1',1),(2,'KAMLESH .','kamlesh','KamleshToor@NIIT.com;','kamlesh@1234','MEDIA ANALYST','https://i0.wp.com/www.winhelponline.com/blog/wp-content/uploads/2017/12/user.png?fit=256%2C256&quality=100&ssl=1',1),(3,'MANINDER SINGH BADWAL','maninder.singh','ManinderS@NIIT.com','maninder@1234','SENIOR MEDIA DEVELOPMENT MANAGER','https://i0.wp.com/www.winhelponline.com/blog/wp-content/uploads/2017/12/user.png?fit=256%2C256&quality=100&ssl=1',1),(4,'PRADIP RANJAN DEB','pradip.ranjan','PradipRD@niit.com','pradip@1234','SENIOR MEDIA DEVELOPMENT MANAGER','https://i0.wp.com/www.winhelponline.com/blog/wp-content/uploads/2017/12/user.png?fit=256%2C256&quality=100&ssl=1',1),(5,'ALOK SHANKAR','alok.shankar','Alok.Shankar@niit.com','alok@1234','MEDIA DEVELOPMENT MANAGER','https://i0.wp.com/www.winhelponline.com/blog/wp-content/uploads/2017/12/user.png?fit=256%2C256&quality=100&ssl=1',1),(6,'KALIDAS SINGH','kalidas.singh','Kalidas.Singh@niit.com;','kalidas@1234','MEDIA ANALYST','https://i0.wp.com/www.winhelponline.com/blog/wp-content/uploads/2017/12/user.png?fit=256%2C256&quality=100&ssl=1',1),(7,'RAVINDER .','ravinder','Ravinder@niit.com;','ravinder@1234','MEDIA ANALYST','https://i0.wp.com/www.winhelponline.com/blog/wp-content/uploads/2017/12/user.png?fit=256%2C256&quality=100&ssl=1',1),(8,'NIRAJ KUMAR SINGH','niraj.kumar','Niraj.1.Singh@niit.com;','niraj@1234','MEDIA ANALYST','https://i0.wp.com/www.winhelponline.com/blog/wp-content/uploads/2017/12/user.png?fit=256%2C256&quality=100&ssl=1',1),(9,'SAURABH BANERJEE','saurabh.banerjee','Saurabh.Banerjee@niit.com','saurabh@1234','ART DIRECTOR','https://i0.wp.com/www.winhelponline.com/blog/wp-content/uploads/2017/12/user.png?fit=256%2C256&quality=100&ssl=1',1),(10,'MOHAMMAD AFTAB HASAN','aftab.hasan','Mohammad.Hasan@niit.com','aftab@1234','SENIOR MEDIA DEVELOPMENT MANAGER','https://i0.wp.com/www.winhelponline.com/blog/wp-content/uploads/2017/12/user.png?fit=256%2C256&quality=100&ssl=1',1),(11,'LOKESH SACHDEVA','lokesh.sachdeva','Lokesh.Sachdeva@niit.com;','lokesh@1234','MEDIA ANALYST','https://i0.wp.com/www.winhelponline.com/blog/wp-content/uploads/2017/12/user.png?fit=256%2C256&quality=100&ssl=1',1),(12,'ALI HILAL ZAIDI','hilal.zaidi','Ali.Zaidi@niit.com','ali.hilal@1234','MEDIA DEVELOPMENT MANAGER','https://i0.wp.com/www.winhelponline.com/blog/wp-content/uploads/2017/12/user.png?fit=256%2C256&quality=100&ssl=1',1),(13,'ADMIN','admin-media','admin@niit.com','niit@1234','Admin User','https://i0.wp.com/www.winhelponline.com/blog/wp-content/uploads/2017/12/user.png?fit=256%2C256&quality=100&ssl=1',1),(14,'Baidyanath Prasad','baidyanath.prasad','Baidyanath.Prasad@niit.com','baidyanathp@niit1234','MEDIA DEVELOPMENT MANAGER','https://i0.wp.com/www.winhelponline.com/blog/wp-content/uploads/2017/12/user.png?fit=256%2C256&quality=100&ssl=1',1),(15,'Mathew Zacharia','zac','zac@niit.com','zac@niit1234','General MANAGER','https://i0.wp.com/www.winhelponline.com/blog/wp-content/uploads/2017/12/user.png?fit=256%2C256&quality=100&ssl=1',1),(16,'Neetu Grover','neetu.grover','Neetu.Grover@niit.com','neetug@niit1234','MEDIA DEVELOPMENT MANAGER','https://i0.wp.com/www.winhelponline.com/blog/wp-content/uploads/2017/12/user.png?fit=256%2C256&quality=100&ssl=1',1),(17,'Sunil Mavinkurve','sunil.mavinkurve','Sunil.Mavinkurve@niit.com','sunilm@niit1234','Vice President','https://i0.wp.com/www.winhelponline.com/blog/wp-content/uploads/2017/12/user.png?fit=256%2C256&quality=100&ssl=1',1),(18,'ADMIN','admin-hmh','admin@niit.com','niit@1234','Admin User','https://i0.wp.com/www.winhelponline.com/blog/wp-content/uploads/2017/12/user.png?fit=256%2C256&quality=100&ssl=1',3),(19,'Dhayaparam Muthukumaran','dhayaparam.muthukumaran','Dhayaparam.Muthukumaran@niit.com','dhmuthu@1234','Manager','https://i0.wp.com/www.winhelponline.com/blog/wp-content/uploads/2017/12/user.png?fit=256%2C256&quality=100&ssl=1',3),(20,'Emanuel Joseph','emanuel.joseph','Niit-emanuel.joseph@niit.com','emanuelj@1234','Delivery Manager','https://i0.wp.com/www.winhelponline.com/blog/wp-content/uploads/2017/12/user.png?fit=256%2C256&quality=100&ssl=1',3),(21,'Naved Islam Usmani','naved.usmani','Niit-naved.usmani@niit.com','navedu@1234','Manager','https://i0.wp.com/www.winhelponline.com/blog/wp-content/uploads/2017/12/user.png?fit=256%2C256&quality=100&ssl=1',3),(22,'Prafull Khanduri','prafull.khanduri','Niit-prafull.khanduri@niit.com','prafullk@1234','Team Lead','https://i0.wp.com/www.winhelponline.com/blog/wp-content/uploads/2017/12/user.png?fit=256%2C256&quality=100&ssl=1',3),(23,'Prayag Bisht','prayag.bisht','Prayag.Bisht@niit.com','prayagb@1234','Team Lead','https://i0.wp.com/www.winhelponline.com/blog/wp-content/uploads/2017/12/user.png?fit=256%2C256&quality=100&ssl=1',3),(24,'Ritesh Aswal','ritesh.aswal','Ritesh.Aswal@niit.com','ritesh@1234','Team Lead','https://i0.wp.com/www.winhelponline.com/blog/wp-content/uploads/2017/12/user.png?fit=256%2C256&quality=100&ssl=1',3),(25,'Vineet Gupta','vineet.gupta','Vineet.Gupta@niit.com','vineetg@1234','Team Lead','https://i0.wp.com/www.winhelponline.com/blog/wp-content/uploads/2017/12/user.png?fit=256%2C256&quality=100&ssl=1',3),(26,'Himanshu Gupta','himanshu.gupta','Himanshu.Gupta@niit.com','himanshug@1234','Team Lead','https://i0.wp.com/www.winhelponline.com/blog/wp-content/uploads/2017/12/user.png?fit=256%2C256&quality=100&ssl=1',3),(27,'LOKESH  BHOG','lokeshb','LokeshB@NIIT.com','lokeshb@1234','TECHNICAL SPECIALIST','https://i0.wp.com/www.winhelponline.com/blog/wp-content/uploads/2017/12/user.png?fit=256%2C256&quality=100&ssl=1',2),(28,'VIKAS  CHOWDHRY','vikasch','VikasCh@NIIT.com','vikasch@1234','LEAD ANALYST (CONTENT)','https://i0.wp.com/www.winhelponline.com/blog/wp-content/uploads/2017/12/user.png?fit=256%2C256&quality=100&ssl=1',3),(29,'TANU  BHALOTRA','tanu.bhalotra','TanuS@niit.com','tanub@1234','ANALYST CONTENT','https://i0.wp.com/www.winhelponline.com/blog/wp-content/uploads/2017/12/user.png?fit=256%2C256&quality=100&ssl=1',2),(30,'SHEETAL  CHAUHAN','sheetal.chauhan','Sheetal.Chauhan@niit.com','sheetalc@1234','ASSOCIATE ANALYST (CONTENT)','https://i0.wp.com/www.winhelponline.com/blog/wp-content/uploads/2017/12/user.png?fit=256%2C256&quality=100&ssl=1',2),(31,'RADHIKA  MATHUR','radhika.mathur','Radhika.Mathur@niit.com','radhikam@1234','ASSOCIATE ANALYST (CONTENT)','https://i0.wp.com/www.winhelponline.com/blog/wp-content/uploads/2017/12/user.png?fit=256%2C256&quality=100&ssl=1',2),(32,'PRIYA  VASISHTA','priya.vasishta','Priya.Vasishta@niit.com','priyav@1234','ANALYST CONTENT','https://i0.wp.com/www.winhelponline.com/blog/wp-content/uploads/2017/12/user.png?fit=256%2C256&quality=100&ssl=1',3),(33,'SUSHANT  SETHI','sushant.sethi','Sushant.Sethi@niit.com','sushants@1234','ASSOCIATE ANALYST (CONTENT)','https://i0.wp.com/www.winhelponline.com/blog/wp-content/uploads/2017/12/user.png?fit=256%2C256&quality=100&ssl=1',3),(34,'REENA  ROY','reena.roy','Reena.Roy@niit.com','reenar@1234','LEAD ANALYST (CONTENT)','https://i0.wp.com/www.winhelponline.com/blog/wp-content/uploads/2017/12/user.png?fit=256%2C256&quality=100&ssl=1',3),(35,'ANUBHA  PANDEY','anubha.pandey','Anubha.Pandey@niit.com','anubhap@1234','ASSOCIATE ANALYST (CONTENT)','https://i0.wp.com/www.winhelponline.com/blog/wp-content/uploads/2017/12/user.png?fit=256%2C256&quality=100&ssl=1',2),(36,'AARTI  SRIVASTAVA','aarti.srivastava','Aarti.Srivastava@niit.com','aartis@1234','LEAD ANALYST (CONTENT)','https://i0.wp.com/www.winhelponline.com/blog/wp-content/uploads/2017/12/user.png?fit=256%2C256&quality=100&ssl=1',2),(37,'ARCHANA  PANDEY','archana.pandey','Archana.Pandey@niit.com','archanp@1234','ASSOCIATE ANALYST (CONTENT)','https://i0.wp.com/www.winhelponline.com/blog/wp-content/uploads/2017/12/user.png?fit=256%2C256&quality=100&ssl=1',2),(38,'HIMANSHI  SHARMA','himanshi.sharma','Himanshi.Sharma@niit.com','himanshis@1234','ANALYST CONTENT','https://i0.wp.com/www.winhelponline.com/blog/wp-content/uploads/2017/12/user.png?fit=256%2C256&quality=100&ssl=1',2),(39,'RONALD ARUP  BISWAS','ronald.biswas','Ronald.Biswas@niit.com','ronaldb@1234','LEAD ANALYST (CONTENT)','https://i0.wp.com/www.winhelponline.com/blog/wp-content/uploads/2017/12/user.png?fit=256%2C256&quality=100&ssl=1',2),(40,'REKHA  RAJAN','rekha.rajan','Rekha.Rajan@niit.com','rekhar@1234','ANALYST CONTENT','https://i0.wp.com/www.winhelponline.com/blog/wp-content/uploads/2017/12/user.png?fit=256%2C256&quality=100&ssl=1',2),(41,'ANIRBAN DEY  CHOUDHURY','anirban.choudhury','Anirban.1.Choudhury@niit.com','anirbanc@1234','ANALYST CONTENT','https://i0.wp.com/www.winhelponline.com/blog/wp-content/uploads/2017/12/user.png?fit=256%2C256&quality=100&ssl=1',3),(42,'KANU  SANDHU','kanu.sandhu','Kanu.Sandhu@niit.com','kanus@1234','ANALYST CONTENT','https://i0.wp.com/www.winhelponline.com/blog/wp-content/uploads/2017/12/user.png?fit=256%2C256&quality=100&ssl=1',2),(43,'SAURABH  GUPTA','saurabh.gupta','Saurabh.Gupta@niit.com','saurabhg@1234','ANALYST CONTENT','https://i0.wp.com/www.winhelponline.com/blog/wp-content/uploads/2017/12/user.png?fit=256%2C256&quality=100&ssl=1',2),(44,'VIKASH KUMAR  SUMAN','vikash.ksuman','VIKASH.SUMAN@NIIT.COM','vikashk@1234','ASSOCIATE ANALYST (CONTENT)','https://i0.wp.com/www.winhelponline.com/blog/wp-content/uploads/2017/12/user.png?fit=256%2C256&quality=100&ssl=1',2),(45,'VRUSHALEE VINAYAK GATNE','vrushalee.gatne','VRUSHALEEVGATNE@NIIT.COM','vrushaleeg@1234','LEAD ANALYST (CONTENT)','https://i0.wp.com/www.winhelponline.com/blog/wp-content/uploads/2017/12/user.png?fit=256%2C256&quality=100&ssl=1',3),(46,'SONALI  BAKSHI','sonali.bakshi','Sonali.Bakshi@niit.com','sonalib@1234','ANALYST CONTENT','https://i0.wp.com/www.winhelponline.com/blog/wp-content/uploads/2017/12/user.png?fit=256%2C256&quality=100&ssl=1',3),(47,'NARENDRA KUMAR','narendra.kumar','Narendra.1.Kumar@niit.com','narendrak@1234','Delivery Manager','https://i0.wp.com/www.winhelponline.com/blog/wp-content/uploads/2017/12/user.png?fit=256%2C256&quality=100&ssl=1',2),(48,'ANVITA KAPUR','anvita.kapur','AnvitaK@NIIT.com','anvitak@1234','Delivery Manager','https://i0.wp.com/www.winhelponline.com/blog/wp-content/uploads/2017/12/user.png?fit=256%2C256&quality=100&ssl=1',3),(49,'DEEPALI NAGAR','ndeepali','NDeepali@niit.com','ndeepali@1234','Delivery Manager','https://i0.wp.com/www.winhelponline.com/blog/wp-content/uploads/2017/12/user.png?fit=256%2C256&quality=100&ssl=1',2),(50,'EMANUEL JOSEPH','emanuel.joseph','Niit-emanuel.joseph@niit.com','emanuej@1234','Delivery Manager','https://i0.wp.com/www.winhelponline.com/blog/wp-content/uploads/2017/12/user.png?fit=256%2C256&quality=100&ssl=1',2),(51,'DHAYAPARAM MUTHUKUMARAN','dhayaparam.muthukumaran','Dhayaparam.Muthukumaran@niit.com','muthu@1234','Sr. Project Manager','https://i0.wp.com/www.winhelponline.com/blog/wp-content/uploads/2017/12/user.png?fit=256%2C256&quality=100&ssl=1',2),(52,'VIVEK KASHYAP ','vivek.kashyap','Vivek.Kashyap@niit.com','vivekk@1234','Vice Prasident','https://i0.wp.com/www.winhelponline.com/blog/wp-content/uploads/2017/12/user.png?fit=256%2C256&quality=100&ssl=1',3),(53,'ADMIN','admin-cd','admin@niit.com','niit@1234','Admin User','https://i0.wp.com/www.winhelponline.com/blog/wp-content/uploads/2017/12/user.png?fit=256%2C256&quality=100&ssl=1',2),(54,'Roopali Suri','roopali.suri','Roopali.9.Suri@niit.com','roopalis@1234','ANALYST CONTENT','https://i0.wp.com/www.winhelponline.com/blog/wp-content/uploads/2017/12/user.png?fit=256%2C256&quality=100&ssl=1',2);
/*!40000 ALTER TABLE `useradmin` ENABLE KEYS */;
UNLOCK TABLES;

--
-- Table structure for table `userbooking`
--

DROP TABLE IF EXISTS `userbooking`;
/*!40101 SET @saved_cs_client     = @@character_set_client */;
 SET character_set_client = utf8mb4 ;
CREATE TABLE `userbooking` (
  `bookingId` int(111) NOT NULL AUTO_INCREMENT,
  `userId` int(111) DEFAULT NULL,
  `userFullName` varchar(255) DEFAULT NULL,
  `createdByFullName` varchar(255) DEFAULT NULL,
  `createdByEmail` varchar(255) DEFAULT NULL,
  `accountId` int(111) DEFAULT NULL,
  `projectId` int(111) DEFAULT NULL,
  `assignHour` varchar(255) DEFAULT NULL,
  `percentage` varchar(255) DEFAULT NULL,
  `status` varchar(255) DEFAULT NULL,
  `bookingDate` date DEFAULT NULL,
  `bookingCreateDate` datetime DEFAULT NULL,
  `imageURL` varchar(255) DEFAULT NULL,
  `towerId` int(111) DEFAULT NULL,
  PRIMARY KEY (`bookingId`)
) ENGINE=InnoDB AUTO_INCREMENT=7 DEFAULT CHARSET=latin1;
/*!40101 SET character_set_client = @saved_cs_client */;

--
-- Dumping data for table `userbooking`
--

LOCK TABLES `userbooking` WRITE;
/*!40000 ALTER TABLE `userbooking` DISABLE KEYS */;
INSERT INTO `userbooking` VALUES (1,240,'AARTIKA DHAMIJA','ADMIN','admin@niit.com',21,175,'2','25','Partial','2019-04-29','2019-04-29 11:40:59','https://i0.wp.com/www.winhelponline.com/blog/wp-content/uploads/2017/12/user.png?fit=256%2C256&quality=100&ssl=1',2),(2,240,'AARTIKA DHAMIJA','ADMIN','admin@niit.com',21,175,'2','25','Partial','2019-04-30','2019-04-29 11:40:59','https://i0.wp.com/www.winhelponline.com/blog/wp-content/uploads/2017/12/user.png?fit=256%2C256&quality=100&ssl=1',2),(3,109,'Khushboo - LC','ADMIN','admin@niit.com',48,141,'6','75','Partial','2019-04-29','2019-04-29 12:25:18','https://i0.wp.com/www.winhelponline.com/blog/wp-content/uploads/2017/12/user.png?fit=256%2C256&quality=100&ssl=1',3),(4,109,'Khushboo - LC','ADMIN','admin@niit.com',48,141,'6','75','Partial','2019-04-30','2019-04-29 12:25:18','https://i0.wp.com/www.winhelponline.com/blog/wp-content/uploads/2017/12/user.png?fit=256%2C256&quality=100&ssl=1',3),(5,110,'Prashant Gupta - HMH','ADMIN','admin@niit.com',48,141,'8','100','Not Available','2019-04-29','2019-04-29 12:25:18','https://i0.wp.com/www.winhelponline.com/blog/wp-content/uploads/2017/12/user.png?fit=256%2C256&quality=100&ssl=1',3),(6,110,'Prashant Gupta - HMH','ADMIN','admin@niit.com',48,141,'8','100','Not Available','2019-04-30','2019-04-29 12:25:18','https://i0.wp.com/www.winhelponline.com/blog/wp-content/uploads/2017/12/user.png?fit=256%2C256&quality=100&ssl=1',3);
/*!40000 ALTER TABLE `userbooking` ENABLE KEYS */;
UNLOCK TABLES;

--
-- Table structure for table `userhistory`
--

DROP TABLE IF EXISTS `userhistory`;
/*!40101 SET @saved_cs_client     = @@character_set_client */;
 SET character_set_client = utf8mb4 ;
CREATE TABLE `userhistory` (
  `employeeCode` int(111) DEFAULT NULL,
  `userFullName` varchar(255) DEFAULT NULL,
  `createdByEmail` varchar(255) DEFAULT NULL,
  `updatedByEmail` varchar(255) DEFAULT NULL,
  `deletedByEmail` varchar(255) DEFAULT NULL,
  `createdDate` datetime DEFAULT NULL,
  `updatedDate` datetime DEFAULT NULL,
  `deletedDate` datetime DEFAULT NULL,
  `towerId` int(111) DEFAULT NULL
) ENGINE=InnoDB DEFAULT CHARSET=latin1;
/*!40101 SET character_set_client = @saved_cs_client */;

--
-- Dumping data for table `userhistory`
--

LOCK TABLES `userhistory` WRITE;
/*!40000 ALTER TABLE `userhistory` DISABLE KEYS */;
INSERT INTO `userhistory` VALUES (23423,'test user','admin@niit.com',NULL,NULL,'2019-04-24 10:52:26',NULL,NULL,3),(23423,'test user11',NULL,'admin@niit.com',NULL,NULL,'2019-04-24 10:53:22',NULL,3),(26262,'test user','admin@niit.com',NULL,NULL,'2019-04-24 10:57:13',NULL,NULL,3),(26262,'test user11',NULL,'admin@niit.com',NULL,NULL,'2019-04-24 15:07:06',NULL,3),(123456,'Alok Pandey',NULL,'admin@niit.com',NULL,NULL,'2019-04-26 16:13:50',NULL,3),(123456,'Alok Pandey',NULL,'admin@niit.com',NULL,NULL,'2019-04-26 16:14:14',NULL,3),(123456,'Alok Pandey',NULL,'admin@niit.com',NULL,NULL,'2019-04-26 16:35:59',NULL,3),(123456,'Alok Pandey',NULL,'admin@niit.com',NULL,NULL,'2019-04-26 16:36:15',NULL,3),(123456,'Alok Pandey',NULL,'admin@niit.com',NULL,NULL,'2019-04-26 16:36:35',NULL,3),(28931,'AARTI  SRIVASTAVA',NULL,'admin@niit.com',NULL,NULL,'2019-04-26 16:52:31',NULL,2),(28931,'AARTI  SRIVASTAVA',NULL,'admin@niit.com',NULL,NULL,'2019-04-26 16:52:43',NULL,2),(28931,'AARTI  SRIVASTAVA',NULL,'admin@niit.com',NULL,NULL,'2019-04-26 17:35:42',NULL,2),(28931,'AARTI  SRIVASTAVA',NULL,'admin@niit.com',NULL,NULL,'2019-04-29 13:24:21',NULL,2);
/*!40000 ALTER TABLE `userhistory` ENABLE KEYS */;
UNLOCK TABLES;

--
-- Table structure for table `users`
--

DROP TABLE IF EXISTS `users`;
/*!40101 SET @saved_cs_client     = @@character_set_client */;
 SET character_set_client = utf8mb4 ;
CREATE TABLE `users` (
  `userId` int(111) NOT NULL,
  `employeeCode` varchar(255) DEFAULT NULL,
  `userFullName` varchar(255) DEFAULT NULL,
  `userEmail` varchar(255) DEFAULT NULL,
  `contactNo` varchar(255) DEFAULT NULL,
  `joiningDate` date DEFAULT NULL,
  `leavingDate` date DEFAULT NULL,
  `ibu` varchar(255) DEFAULT NULL,
  `tower` varchar(255) DEFAULT NULL,
  `account` varchar(255) DEFAULT NULL,
  `project` varchar(255) DEFAULT NULL,
  `createdByEmail` varchar(255) DEFAULT NULL,
  `userCreatedDate` datetime DEFAULT NULL,
  `status` varchar(255) DEFAULT NULL,
  `imageURL` varchar(255) DEFAULT NULL,
  `towerId` int(111) DEFAULT NULL,
  PRIMARY KEY (`userId`)
) ENGINE=InnoDB DEFAULT CHARSET=latin1;
/*!40101 SET character_set_client = @saved_cs_client */;

--
-- Dumping data for table `users`
--

LOCK TABLES `users` WRITE;
/*!40000 ALTER TABLE `users` DISABLE KEYS */;
INSERT INTO `users` VALUES (1,'16575','AMIT KUMAR','Amit.Kumar@niit.com;','99999999999',NULL,NULL,'LC','IDC','MEDIA PRODUCTION','IDC1','admin@niit.com','2019-02-22 00:00:00','FTE','https://i0.wp.com/www.winhelponline.com/blog/wp-content/uploads/2017/12/user.png?fit=256%2C256&quality=100&ssl=1',1),(2,'18386','RUPESH KUMAR','Rupesh.1.Kumar@niit.com;','99999999999',NULL,NULL,'LC','IDC','MEDIA PRODUCTION','IDC1','admin@niit.com','2019-02-22 00:00:00','FTE','https://i0.wp.com/www.winhelponline.com/blog/wp-content/uploads/2017/12/user.png?fit=256%2C256&quality=100&ssl=1',1),(3,'20871','PUNEET SAINI','Puneet.Saini@niit.com;','99999999999',NULL,NULL,'LC','IDC','MEDIA PRODUCTION','IDC1','admin@niit.com','2019-02-22 00:00:00','FTE','https://i0.wp.com/www.winhelponline.com/blog/wp-content/uploads/2017/12/user.png?fit=256%2C256&quality=100&ssl=1',1),(4,'21745','PRITI CHOWDHARY','Priti.Chowdhary@niit.com;','99999999999',NULL,NULL,'LC','IDC','MEDIA PRODUCTION','IDC1','admin@niit.com','2019-02-22 00:00:00','FTE','https://i0.wp.com/www.winhelponline.com/blog/wp-content/uploads/2017/12/user.png?fit=256%2C256&quality=100&ssl=1',1),(5,'21850','SHIBU J','Shibu.J@niit.com;','99999999999',NULL,NULL,'LC','IDC','MEDIA PRODUCTION','IDC1','admin@niit.com','2019-02-22 00:00:00','FTE','https://i0.wp.com/www.winhelponline.com/blog/wp-content/uploads/2017/12/user.png?fit=256%2C256&quality=100&ssl=1',1),(6,'22684','PANKAJ KUMAR','Pankaj.1.Kumar@niit.com;','99999999999',NULL,NULL,'LC','IDC','MEDIA PRODUCTION','IDC1','admin@niit.com','2019-02-22 00:00:00','FTE','https://i0.wp.com/www.winhelponline.com/blog/wp-content/uploads/2017/12/user.png?fit=256%2C256&quality=100&ssl=1',1),(7,'23194','SULEMAN .','Suleman.Khan@niit.com;','99999999999',NULL,NULL,'LC','IDC','MEDIA PRODUCTION','IDC1','admin@niit.com','2019-02-22 00:00:00','FTE','https://i0.wp.com/www.winhelponline.com/blog/wp-content/uploads/2017/12/user.png?fit=256%2C256&quality=100&ssl=1',1),(8,'23361','MONA GUPTA','Mona.Gupta@niit.com;','99999999999',NULL,NULL,'LC','IDC','MEDIA PRODUCTION','IDC1','admin@niit.com','2019-02-22 00:00:00','FTE','https://i0.wp.com/www.winhelponline.com/blog/wp-content/uploads/2017/12/user.png?fit=256%2C256&quality=100&ssl=1',1),(9,'23532','CHETAN KOCHHAR','Chetan.Kochhar@niit.com;','99999999999',NULL,NULL,'LC','IDC','MEDIA PRODUCTION','IDC1','admin@niit.com','2019-02-22 00:00:00','FTE','https://i0.wp.com/www.winhelponline.com/blog/wp-content/uploads/2017/12/user.png?fit=256%2C256&quality=100&ssl=1',1),(10,'23552','AMIT BHADOLA','Amit.Bhadola@niit.com;','99999999999',NULL,NULL,'LC','IDC','MEDIA PRODUCTION','IDC1','admin@niit.com','2019-02-22 00:00:00','FTE','https://i0.wp.com/www.winhelponline.com/blog/wp-content/uploads/2017/12/user.png?fit=256%2C256&quality=100&ssl=1',1),(11,'23565','ANAND RAWAT','Anand.Rawat@niit.com;','99999999999',NULL,NULL,'LC','IDC','MEDIA PRODUCTION','IDC1','admin@niit.com','2019-02-22 00:00:00','FTE','https://i0.wp.com/www.winhelponline.com/blog/wp-content/uploads/2017/12/user.png?fit=256%2C256&quality=100&ssl=1',1),(12,'23758','KRISHAN ROHILA','Krishan.Rohilla@niit.com;','99999999999',NULL,NULL,'LC','IDC','MEDIA PRODUCTION','IDC1','admin@niit.com','2019-02-22 00:00:00','FTE','https://i0.wp.com/www.winhelponline.com/blog/wp-content/uploads/2017/12/user.png?fit=256%2C256&quality=100&ssl=1',1),(13,'24299','RAJEEV PATHAK','Rajeev.Pathak@niit.com;','99999999999',NULL,NULL,'LC','IDC','MEDIA PRODUCTION','IDC1','admin@niit.com','2019-02-22 00:00:00','FTE','https://i0.wp.com/www.winhelponline.com/blog/wp-content/uploads/2017/12/user.png?fit=256%2C256&quality=100&ssl=1',1),(14,'24516','HEMANT RAWAT','Hemant.Rawat@niit.com;','99999999999',NULL,NULL,'LC','IDC','MEDIA PRODUCTION','IDC1','admin@niit.com','2019-02-22 00:00:00','FTE','https://i0.wp.com/www.winhelponline.com/blog/wp-content/uploads/2017/12/user.png?fit=256%2C256&quality=100&ssl=1',1),(15,'33511','ANMOL BISWA','Anmol.Biswa@niit.com;','99999999999',NULL,NULL,'LC','IDC','MEDIA PRODUCTION','IDC1','admin@niit.com','2019-02-22 00:00:00','FTE','https://i0.wp.com/www.winhelponline.com/blog/wp-content/uploads/2017/12/user.png?fit=256%2C256&quality=100&ssl=1',1),(16,'24658','SALIM KHAN','Salim.Khan@niit.com;','99999999999',NULL,NULL,'LC','IDC','MEDIA PRODUCTION','IDC1','admin@niit.com','2019-02-22 00:00:00','FTE','https://i0.wp.com/www.winhelponline.com/blog/wp-content/uploads/2017/12/user.png?fit=256%2C256&quality=100&ssl=1',1),(17,'24702','JITENDRA KUMAR','Jitendra.1.Kumar@niit.com;','99999999999',NULL,NULL,'LC','IDC','MEDIA PRODUCTION','IDC1','admin@niit.com','2019-02-22 00:00:00','FTE','https://i0.wp.com/www.winhelponline.com/blog/wp-content/uploads/2017/12/user.png?fit=256%2C256&quality=100&ssl=1',1),(18,'25160','REJIMON P.J','Rejimon.J@niit.com;','99999999999',NULL,NULL,'LC','IDC','MEDIA PRODUCTION','IDC1','admin@niit.com','2019-02-22 00:00:00','FTE','https://i0.wp.com/www.winhelponline.com/blog/wp-content/uploads/2017/12/user.png?fit=256%2C256&quality=100&ssl=1',1),(19,'25452','RUCHI LOHIA','Ruchi.Lohia@niit.com;','99999999999',NULL,NULL,'LC','IDC','MEDIA PRODUCTION','IDC1','admin@niit.com','2019-02-22 00:00:00','FTE','https://i0.wp.com/www.winhelponline.com/blog/wp-content/uploads/2017/12/user.png?fit=256%2C256&quality=100&ssl=1',1),(20,'28237','SUKHRAJ SINGH NAGI','Sukhraj.Nagi@niit.com;','99999999999',NULL,NULL,'LC','IDC','MEDIA PRODUCTION','IDC1','admin@niit.com','2019-02-22 00:00:00','FTE','https://i0.wp.com/www.winhelponline.com/blog/wp-content/uploads/2017/12/user.png?fit=256%2C256&quality=100&ssl=1',1),(21,'28651','RAHUL KUMAR','Rahul.2a.Kumar@niit.com;','99999999999',NULL,NULL,'LC','IDC','MEDIA PRODUCTION','IDC1','admin@niit.com','2019-02-22 00:00:00','FTE','https://i0.wp.com/www.winhelponline.com/blog/wp-content/uploads/2017/12/user.png?fit=256%2C256&quality=100&ssl=1',1),(22,'28814','KAUSHIK ROY','Kaushik.Roy@niit.com;','99999999999',NULL,NULL,'LC','IDC','MEDIA PRODUCTION','IDC1','admin@niit.com','2019-02-22 00:00:00','FTE','https://i0.wp.com/www.winhelponline.com/blog/wp-content/uploads/2017/12/user.png?fit=256%2C256&quality=100&ssl=1',1),(23,'28997','KAVITA PATIL','Kavita.Patil@niit.com;','99999999999',NULL,NULL,'LC','IDC','MEDIA PRODUCTION','IDC1','admin@niit.com','2019-02-22 00:00:00','FTE','https://i0.wp.com/www.winhelponline.com/blog/wp-content/uploads/2017/12/user.png?fit=256%2C256&quality=100&ssl=1',1),(24,'29565','BISWADIP MITRA','Biswadip.Mitra@niit.com;','99999999999',NULL,NULL,'LC','IDC','MEDIA PRODUCTION','IDC1','admin@niit.com','2019-02-22 00:00:00','FTE','https://i0.wp.com/www.winhelponline.com/blog/wp-content/uploads/2017/12/user.png?fit=256%2C256&quality=100&ssl=1',1),(25,'29570','HINA CHAUHAN','Hina.Chauhan@niit.com;','99999999999',NULL,NULL,'LC','IDC','MEDIA PRODUCTION','IDC1','admin@niit.com','2019-02-22 00:00:00','FTE','https://i0.wp.com/www.winhelponline.com/blog/wp-content/uploads/2017/12/user.png?fit=256%2C256&quality=100&ssl=1',1),(26,'30123','VESHWESH TIWARI','Veshwesh.Tiwari@niit.com;','99999999999',NULL,NULL,'LC','IDC','MEDIA PRODUCTION','IDC1','admin@niit.com','2019-02-22 00:00:00','FTE','https://i0.wp.com/www.winhelponline.com/blog/wp-content/uploads/2017/12/user.png?fit=256%2C256&quality=100&ssl=1',1),(27,'30124','RAKESH KUMAR BHARATI','Rakesh.Bharti@niit.com;','99999999999',NULL,NULL,'LC','IDC','MEDIA PRODUCTION','IDC1','admin@niit.com','2019-02-22 00:00:00','FTE','https://i0.wp.com/www.winhelponline.com/blog/wp-content/uploads/2017/12/user.png?fit=256%2C256&quality=100&ssl=1',1),(28,'30125','ASHISH SRIVASTAVA','Ashish.Srivastava@niit.com;','99999999999',NULL,NULL,'LC','IDC','MEDIA PRODUCTION','IDC1','admin@niit.com','2019-02-22 00:00:00','FTE','https://i0.wp.com/www.winhelponline.com/blog/wp-content/uploads/2017/12/user.png?fit=256%2C256&quality=100&ssl=1',1),(29,'30932','IRA BANSAL','Ira.Bansal@niit.com;','99999999999',NULL,NULL,'LC','IDC','MEDIA PRODUCTION','IDC1','admin@niit.com','2019-02-22 00:00:00','FTE','https://i0.wp.com/www.winhelponline.com/blog/wp-content/uploads/2017/12/user.png?fit=256%2C256&quality=100&ssl=1',1),(30,'31380','SIDDHARTH MAHAJAN','Siddharth.Mahajan@niit.com;','99999999999',NULL,NULL,'LC','IDC','MEDIA PRODUCTION','IDC1','admin@niit.com','2019-02-22 00:00:00','FTE','https://i0.wp.com/www.winhelponline.com/blog/wp-content/uploads/2017/12/user.png?fit=256%2C256&quality=100&ssl=1',1),(31,'31642','HARSHIT KHANNA','Harshit.Khanna@niit.com;','99999999999',NULL,NULL,'LC','IDC','MEDIA PRODUCTION','IDC1','admin@niit.com','2019-02-22 00:00:00','FTE','https://i0.wp.com/www.winhelponline.com/blog/wp-content/uploads/2017/12/user.png?fit=256%2C256&quality=100&ssl=1',1),(32,'31911','GANDHARV LODHI','Gandharv.Lodhi@niit.com;','99999999999',NULL,NULL,'LC','IDC','MEDIA PRODUCTION','IDC1','admin@niit.com','2019-02-22 00:00:00','FTE','https://i0.wp.com/www.winhelponline.com/blog/wp-content/uploads/2017/12/user.png?fit=256%2C256&quality=100&ssl=1',1),(33,'31929','YOGESH KUMAR','Yogesh.Kumar@niit.com;','99999999999',NULL,NULL,'LC','IDC','MEDIA PRODUCTION','IDC1','admin@niit.com','2019-02-22 00:00:00','FTE','https://i0.wp.com/www.winhelponline.com/blog/wp-content/uploads/2017/12/user.png?fit=256%2C256&quality=100&ssl=1',1),(34,'31995','MOHIT RANJAN','Mohit.Ranjan@niit.com;','99999999999',NULL,NULL,'LC','IDC','MEDIA PRODUCTION','IDC1','admin@niit.com','2019-02-22 00:00:00','FTE','https://i0.wp.com/www.winhelponline.com/blog/wp-content/uploads/2017/12/user.png?fit=256%2C256&quality=100&ssl=1',1),(35,'32006','LAXMI KANT SINGH','Laxmi.Singh@niit.com;','99999999999',NULL,NULL,'LC','IDC','MEDIA PRODUCTION','IDC1','admin@niit.com','2019-02-22 00:00:00','FTE','https://i0.wp.com/www.winhelponline.com/blog/wp-content/uploads/2017/12/user.png?fit=256%2C256&quality=100&ssl=1',1),(36,'32007','SURENDRA NAYAL','Surender.Nayal@niit.com;','99999999999',NULL,NULL,'LC','IDC','MEDIA PRODUCTION','IDC1','admin@niit.com','2019-02-22 00:00:00','FTE','https://i0.wp.com/www.winhelponline.com/blog/wp-content/uploads/2017/12/user.png?fit=256%2C256&quality=100&ssl=1',1),(37,'32022','SAKSHI TUTEJA','Sakshi.Tuteja@niit.com;','99999999999',NULL,NULL,'LC','IDC','MEDIA PRODUCTION','IDC1','admin@niit.com','2019-02-22 00:00:00','FTE','https://i0.wp.com/www.winhelponline.com/blog/wp-content/uploads/2017/12/user.png?fit=256%2C256&quality=100&ssl=1',1),(38,'32023','VISHNU KUMAR KASHYAP','Vishnu.Kashyap@niit.com;','99999999999',NULL,NULL,'LC','IDC','MEDIA PRODUCTION','IDC1','admin@niit.com','2019-02-22 00:00:00','FTE','https://i0.wp.com/www.winhelponline.com/blog/wp-content/uploads/2017/12/user.png?fit=256%2C256&quality=100&ssl=1',1),(39,'32030','MUKESH KUMAR YADAV','Mukesh.Yadav@niit.com;','99999999999',NULL,NULL,'LC','IDC','MEDIA PRODUCTION','IDC1','admin@niit.com','2019-02-22 00:00:00','FTE','https://i0.wp.com/www.winhelponline.com/blog/wp-content/uploads/2017/12/user.png?fit=256%2C256&quality=100&ssl=1',1),(40,'32031','JAI PRAKASH SAROJ','Jai.Saroj@niit.com;','99999999999',NULL,NULL,'LC','IDC','MEDIA PRODUCTION','IDC1','admin@niit.com','2019-02-22 00:00:00','FTE','https://i0.wp.com/www.winhelponline.com/blog/wp-content/uploads/2017/12/user.png?fit=256%2C256&quality=100&ssl=1',1),(41,'32965','FARZEEN ANSARI','Farzeen.Ansari@niit.com;','99999999999',NULL,NULL,'LC','IDC','MEDIA PRODUCTION','IDC1','admin@niit.com','2019-02-22 00:00:00','FTE','https://i0.wp.com/www.winhelponline.com/blog/wp-content/uploads/2017/12/user.png?fit=256%2C256&quality=100&ssl=1',1),(42,'32991','MUMTAJ HAIDER','Mumtaj.Haider@niit.com;','99999999999',NULL,NULL,'LC','IDC','MEDIA PRODUCTION','IDC1','admin@niit.com','2019-02-22 00:00:00','FTE','https://i0.wp.com/www.winhelponline.com/blog/wp-content/uploads/2017/12/user.png?fit=256%2C256&quality=100&ssl=1',1),(43,'32992','NISHA THOMAS','Nisha.Thomas@niit.com;','99999999999',NULL,NULL,'LC','IDC','MEDIA PRODUCTION','IDC1','admin@niit.com','2019-02-22 00:00:00','FTE','https://i0.wp.com/www.winhelponline.com/blog/wp-content/uploads/2017/12/user.png?fit=256%2C256&quality=100&ssl=1',1),(44,'32993','SANDEEP GROVER','Sandeep.Grover@niit.com;','99999999999',NULL,NULL,'LC','IDC','MEDIA PRODUCTION','IDC1','admin@niit.com','2019-02-22 00:00:00','FTE','https://i0.wp.com/www.winhelponline.com/blog/wp-content/uploads/2017/12/user.png?fit=256%2C256&quality=100&ssl=1',1),(45,'32994','AJIT PAL SINGH','Ajit.Singh@niit.com;','99999999999',NULL,NULL,'LC','IDC','MEDIA PRODUCTION','IDC1','admin@niit.com','2019-02-22 00:00:00','FTE','https://i0.wp.com/www.winhelponline.com/blog/wp-content/uploads/2017/12/user.png?fit=256%2C256&quality=100&ssl=1',1),(46,'32996','AMLAN DEY','Amlan.8.Dey@niit.com;','99999999999',NULL,NULL,'LC','IDC','MEDIA PRODUCTION','IDC1','admin@niit.com','2019-02-22 00:00:00','FTE','https://i0.wp.com/www.winhelponline.com/blog/wp-content/uploads/2017/12/user.png?fit=256%2C256&quality=100&ssl=1',1),(47,'33240','NITIN SATISH CHANDRA GARG','Nitin.Garg@niit.com;','99999999999',NULL,NULL,'LC','IDC','MEDIA PRODUCTION','IDC1','admin@niit.com','2019-02-22 00:00:00','FTE','https://i0.wp.com/www.winhelponline.com/blog/wp-content/uploads/2017/12/user.png?fit=256%2C256&quality=100&ssl=1',1),(48,'33703','SHANTANU SHEKHAR','Shantanu.Shekhar@niit.com;','99999999999',NULL,NULL,'LC','IDC','MEDIA PRODUCTION','IDC1','admin@niit.com','2019-02-22 00:00:00','FTE','https://i0.wp.com/www.winhelponline.com/blog/wp-content/uploads/2017/12/user.png?fit=256%2C256&quality=100&ssl=1',1),(49,'33706','ABHISHEK MAHLAN','Abhishek.Mahlan@niit.com;','99999999999','2019-04-01','2019-04-30','LC','IDC','MEDIA PRODUCTION','IDC1','admin@niit.com','2019-02-22 00:00:00','FTE','https://i0.wp.com/www.winhelponline.com/blog/wp-content/uploads/2017/12/user.png?fit=256%2C256&quality=100&ssl=1',1),(50,'33198','LOVEPREET SINGH','Lovepreet.Bhatia@niit.com;','99999999999',NULL,NULL,'LC','IDC','MEDIA PRODUCTION','IDC1','admin@niit.com','2019-02-22 00:00:00','FTE','https://i0.wp.com/www.winhelponline.com/blog/wp-content/uploads/2017/12/user.png?fit=256%2C256&quality=100&ssl=1',1),(51,'15497','HANISH NARANG','Hanish.Narang@niit.com;','99999999999',NULL,NULL,'LC','IDC','MEDIA PRODUCTION','IDC1','admin@niit.com','2019-02-22 00:00:00','FTE','https://i0.wp.com/www.winhelponline.com/blog/wp-content/uploads/2017/12/user.png?fit=256%2C256&quality=100&ssl=1',1),(52,'21766','PRIYANKA GUPTA','Priyanka.2.Gupta@niit.com;','99999999999',NULL,NULL,'LC','IDC','MEDIA PRODUCTION','IDC1','admin@niit.com','2019-02-22 00:00:00','FTE','https://i0.wp.com/www.winhelponline.com/blog/wp-content/uploads/2017/12/user.png?fit=256%2C256&quality=100&ssl=1',1),(53,'23489','AMZAD AHMED','Amzad.Ahmed@niit.com;','99999999999',NULL,NULL,'LC','IDC','MEDIA PRODUCTION','IDC1','admin@niit.com','2019-02-22 00:00:00','FTE','https://i0.wp.com/www.winhelponline.com/blog/wp-content/uploads/2017/12/user.png?fit=256%2C256&quality=100&ssl=1',1),(54,'28236','PRAJAKTA OJAS NAFDAY','Prajakta.Nafday@niit.com;','99999999999',NULL,NULL,'LC','IDC','MEDIA PRODUCTION','IDC1','admin@niit.com','2019-02-22 00:00:00','FTE','https://i0.wp.com/www.winhelponline.com/blog/wp-content/uploads/2017/12/user.png?fit=256%2C256&quality=100&ssl=1',1),(55,'29179','SANDIP AICH','Sandip.Aich@niit.com;','99999999999',NULL,NULL,'LC','IDC','MEDIA PRODUCTION','IDC1','admin@niit.com','2019-02-22 00:00:00','FTE','https://i0.wp.com/www.winhelponline.com/blog/wp-content/uploads/2017/12/user.png?fit=256%2C256&quality=100&ssl=1',1),(56,'29569','SANKAR MAJUMDER','Sankar.Majumder@niit.com;','99999999999',NULL,NULL,'LC','IDC','MEDIA PRODUCTION','IDC1','admin@niit.com','2019-02-22 00:00:00','FTE','https://i0.wp.com/www.winhelponline.com/blog/wp-content/uploads/2017/12/user.png?fit=256%2C256&quality=100&ssl=1',1),(57,'30120','SALEEM SHAH','Saleem.Shah@niit.com;','99999999999',NULL,NULL,'LC','IDC','MEDIA PRODUCTION','IDC1','admin@niit.com','2019-02-22 00:00:00','FTE','https://i0.wp.com/www.winhelponline.com/blog/wp-content/uploads/2017/12/user.png?fit=256%2C256&quality=100&ssl=1',1),(58,'32068','PINTU SENGUPTA','Pintu.Sengupta@niit.com;','99999999999',NULL,NULL,'LC','IDC','MEDIA PRODUCTION','IDC1','admin@niit.com','2019-02-22 00:00:00','FTE','https://i0.wp.com/www.winhelponline.com/blog/wp-content/uploads/2017/12/user.png?fit=256%2C256&quality=100&ssl=1',1),(59,'33446','SANJAY KUMAR','Sanjay.1a.Kumar@niit.com;','99999999999',NULL,NULL,'LC','IDC','MEDIA PRODUCTION','IDC1','admin@niit.com','2019-02-22 00:00:00','FTE','https://i0.wp.com/www.winhelponline.com/blog/wp-content/uploads/2017/12/user.png?fit=256%2C256&quality=100&ssl=1',1),(60,'33344','ANOOP JAISWAL','Anoop.Jaiswal@niit.com;','99999999999',NULL,NULL,'LC','IDC','MEDIA PRODUCTION','IDC1','admin@niit.com','2019-02-22 00:00:00','FTE','https://i0.wp.com/www.winhelponline.com/blog/wp-content/uploads/2017/12/user.png?fit=256%2C256&quality=100&ssl=1',1),(61,'33394','GAURAV BHARDWAJ','Gaurav.1.Bhardwaj@niit.com;','99999999999',NULL,NULL,'LC','IDC','MEDIA PRODUCTION','IDC1','admin@niit.com','2019-02-22 00:00:00','FTE','https://i0.wp.com/www.winhelponline.com/blog/wp-content/uploads/2017/12/user.png?fit=256%2C256&quality=100&ssl=1',1),(62,'33422','HARVINDER DASS','Harvinder.Dass@niit.com;','99999999999',NULL,NULL,'LC','IDC','MEDIA PRODUCTION','IDC1','admin@niit.com','2019-02-22 00:00:00','FTE','https://i0.wp.com/www.winhelponline.com/blog/wp-content/uploads/2017/12/user.png?fit=256%2C256&quality=100&ssl=1',1),(63,'33355','HAVISHA ARYA','Havisha.Arya@niit.com;','99999999999',NULL,NULL,'LC','IDC','MEDIA PRODUCTION','IDC1','admin@niit.com','2019-02-22 00:00:00','FTE','https://i0.wp.com/www.winhelponline.com/blog/wp-content/uploads/2017/12/user.png?fit=256%2C256&quality=100&ssl=1',1),(64,'33368','RISHABH SHARMA','Rishabh.Sharma@niit.com;','99999999999',NULL,NULL,'LC','IDC','MEDIA PRODUCTION','IDC1','admin@niit.com','2019-02-22 00:00:00','FTE','https://i0.wp.com/www.winhelponline.com/blog/wp-content/uploads/2017/12/user.png?fit=256%2C256&quality=100&ssl=1',1),(65,'33424','SUBROJIT PAUL','Subrojit.Paul@niit.com;','99999999999',NULL,NULL,'LC','IDC','MEDIA PRODUCTION','IDC1','admin@niit.com','2019-02-22 00:00:00','FTE','https://i0.wp.com/www.winhelponline.com/blog/wp-content/uploads/2017/12/user.png?fit=256%2C256&quality=100&ssl=1',1),(66,'33720','DEEPAK KUMAR','Deepak.1.Kumar@niit.com;','99999999999',NULL,NULL,'LC','IDC','MEDIA PRODUCTION','IDC1','admin@niit.com','2019-02-22 00:00:00','FTE','https://i0.wp.com/www.winhelponline.com/blog/wp-content/uploads/2017/12/user.png?fit=256%2C256&quality=100&ssl=1',1),(67,'33731','LAKSHMI MAURYA','Lakshmi@niit.com;','99999999999',NULL,NULL,'LC','IDC','MEDIA PRODUCTION','IDC1','admin@niit.com','2019-02-22 00:00:00','FTE','https://i0.wp.com/www.winhelponline.com/blog/wp-content/uploads/2017/12/user.png?fit=256%2C256&quality=100&ssl=1',1),(68,'33719','SONU KRISHNAN','Sonu.Krishnan@niit.com;','99999999999',NULL,NULL,'LC','IDC','MEDIA PRODUCTION','IDC1','admin@niit.com','2019-02-22 00:00:00','FTE','https://i0.wp.com/www.winhelponline.com/blog/wp-content/uploads/2017/12/user.png?fit=256%2C256&quality=100&ssl=1',1),(69,'33694','SANYA BHARGAVA','Sanya.Bhargava@niit.com','99999999999',NULL,NULL,'LC','IDC','MEDIA PRODUCTION','IDC1','admin@niit.com','2019-02-22 00:00:00','FTE','https://i0.wp.com/www.winhelponline.com/blog/wp-content/uploads/2017/12/user.png?fit=256%2C256&quality=100&ssl=1',1),(70,'33707','KSHITIJ RAJPAL','Kshitij.Rajpal@niit.com;','99999999999',NULL,NULL,'LC','IDC','MEDIA PRODUCTION','IDC1','admin@niit.com','2019-02-22 00:00:00','FTE','https://i0.wp.com/www.winhelponline.com/blog/wp-content/uploads/2017/12/user.png?fit=256%2C256&quality=100&ssl=1',1),(71,'33748','MANISH KUMAR SINGH','Manish.Singh@niit.com;','99999999999',NULL,NULL,'LC','IDC','MEDIA PRODUCTION','IDC1','admin@niit.com','2019-02-22 00:00:00','FTE','https://i0.wp.com/www.winhelponline.com/blog/wp-content/uploads/2017/12/user.png?fit=256%2C256&quality=100&ssl=1',1),(72,'33604','SHAILENDRA SINGH','Shailendra.Singh@niit.com;','99999999999',NULL,NULL,'LC','IDC','MEDIA PRODUCTION','IDC1','admin@niit.com','2019-02-22 00:00:00','FTE','https://i0.wp.com/www.winhelponline.com/blog/wp-content/uploads/2017/12/user.png?fit=256%2C256&quality=100&ssl=1',1),(73,'33605','ABHISHEK VYAS','Vyas.Abhishake@niit.com;','99999999999','2019-04-01','2019-04-28','LC','IDC','MEDIA PRODUCTION','IDC1','admin@niit.com','2019-02-22 00:00:00','FTE','https://i0.wp.com/www.winhelponline.com/blog/wp-content/uploads/2017/12/user.png?fit=256%2C256&quality=100&ssl=1',1),(74,'718012','Vikas Bhardwaj','Vikas.9.Bhradwaj@niit.com','99999999999',NULL,NULL,'LC','IDC','MEDIA PRODUCTION','IDC1','admin@niit.com','2019-02-22 00:00:00','Vendor','https://i0.wp.com/www.winhelponline.com/blog/wp-content/uploads/2017/12/user.png?fit=256%2C256&quality=100&ssl=1',1),(75,'718012','Vishal Singh','Vishal.9.Singh@niit.com','99999999999',NULL,NULL,'LC','IDC','MEDIA PRODUCTION','IDC1','admin@niit.com','2019-02-22 00:00:00','Vendor','https://i0.wp.com/www.winhelponline.com/blog/wp-content/uploads/2017/12/user.png?fit=256%2C256&quality=100&ssl=1',1),(76,'718012','Tarun Kumar','Tarun.9.Kumar@niit.com','99999999999',NULL,NULL,'LC','IDC','MEDIA PRODUCTION','IDC1','admin@niit.com','2019-02-22 00:00:00','Vendor','https://i0.wp.com/www.winhelponline.com/blog/wp-content/uploads/2017/12/user.png?fit=256%2C256&quality=100&ssl=1',1),(77,'718012','Meenakshi Upreti','Meenakshi.9.Upreti@niit.com','99999999999',NULL,NULL,'LC','IDC','MEDIA PRODUCTION','IDC1','admin@niit.com','2019-02-22 00:00:00','Vendor','https://i0.wp.com/www.winhelponline.com/blog/wp-content/uploads/2017/12/user.png?fit=256%2C256&quality=100&ssl=1',1),(78,'718012','Manish Kumar Gaur','manish.9b.kumar@niit.com','99999999999',NULL,NULL,'LC','IDC','MEDIA PRODUCTION','IDC1','admin@niit.com','2019-02-22 00:00:00','Vendor','https://i0.wp.com/www.winhelponline.com/blog/wp-content/uploads/2017/12/user.png?fit=256%2C256&quality=100&ssl=1',1),(79,'718012','Manish Kumar-LC','manish.9.kumar@niit.com','99999999999',NULL,NULL,'LC','IDC','MEDIA PRODUCTION','IDC1','admin@niit.com','2019-02-22 00:00:00','Vendor','https://i0.wp.com/www.winhelponline.com/blog/wp-content/uploads/2017/12/user.png?fit=256%2C256&quality=100&ssl=1',1),(80,'718012','Naveen Kumar','Naveen.9a.Kumar@niit.com','99999999999',NULL,NULL,'LC','IDC','MEDIA PRODUCTION','IDC1','admin@niit.com','2019-02-22 00:00:00','Vendor','https://i0.wp.com/www.winhelponline.com/blog/wp-content/uploads/2017/12/user.png?fit=256%2C256&quality=100&ssl=1',1),(81,'722524','Aakash Sharma','aakash.9.sharma@niit.com','99999999999',NULL,NULL,'LC','IDC','MEDIA PRODUCTION','IDC1','admin@niit.com','2019-02-22 00:00:00','Vendor','https://i0.wp.com/www.winhelponline.com/blog/wp-content/uploads/2017/12/user.png?fit=256%2C256&quality=100&ssl=1',1),(82,'718012','Akshay Jain','Akshay.9.jain@niit.com','99999999999',NULL,NULL,'LC','IDC','MEDIA PRODUCTION','IDC1','admin@niit.com','2019-02-22 00:00:00','Vendor','https://i0.wp.com/www.winhelponline.com/blog/wp-content/uploads/2017/12/user.png?fit=256%2C256&quality=100&ssl=1',1),(83,'722535','Gaurav Singh','Gaurav.9.Singh@niit.com','99999999999',NULL,NULL,'LC','IDC','MEDIA PRODUCTION','IDC1','admin@niit.com','2019-02-22 00:00:00','Vendor','https://i0.wp.com/www.winhelponline.com/blog/wp-content/uploads/2017/12/user.png?fit=256%2C256&quality=100&ssl=1',1),(84,'718012','Asad Naved','asad.9.naved@niit.com','99999999999',NULL,NULL,'LC','IDC','MEDIA PRODUCTION','IDC1','admin@niit.com','2019-02-22 00:00:00','Vendor','https://i0.wp.com/www.winhelponline.com/blog/wp-content/uploads/2017/12/user.png?fit=256%2C256&quality=100&ssl=1',1),(85,'723568','Ankit Sharma','Ankit.7.Sharma@niit.com','99999999999',NULL,NULL,'LC','IDC','MEDIA PRODUCTION','IDC1','admin@niit.com','2019-02-22 00:00:00','Vendor','https://i0.wp.com/www.winhelponline.com/blog/wp-content/uploads/2017/12/user.png?fit=256%2C256&quality=100&ssl=1',1),(86,'718012','Karan Pal','Karan.9.Pal@niit.com','99999999999',NULL,NULL,'LC','IDC','MEDIA PRODUCTION','IDC1','admin@niit.com','2019-02-22 00:00:00','Vendor','https://i0.wp.com/www.winhelponline.com/blog/wp-content/uploads/2017/12/user.png?fit=256%2C256&quality=100&ssl=1',1),(87,'718012','Praveen Sharma','Praveen.9.Sharma@niit.com','99999999999',NULL,NULL,'LC','IDC','MEDIA PRODUCTION','IDC1','admin@niit.com','2019-02-22 00:00:00','Vendor','https://i0.wp.com/www.winhelponline.com/blog/wp-content/uploads/2017/12/user.png?fit=256%2C256&quality=100&ssl=1',1),(88,'718012','Deepak Kumar Verma','Deepak.9a.Kumar@niit.com','99999999999',NULL,NULL,'LC','IDC','MEDIA PRODUCTION','IDC1','admin@niit.com','2019-02-22 00:00:00','Vendor','https://i0.wp.com/www.winhelponline.com/blog/wp-content/uploads/2017/12/user.png?fit=256%2C256&quality=100&ssl=1',1),(89,'718012','Amit Kumar Sharma','Amit.9a.Sharma@niit.com','99999999999',NULL,NULL,'LC','IDC','MEDIA PRODUCTION','IDC1','admin@niit.com','2019-02-22 00:00:00','Vendor','https://i0.wp.com/www.winhelponline.com/blog/wp-content/uploads/2017/12/user.png?fit=256%2C256&quality=100&ssl=1',1),(90,'723595','Yogesh Singh Raghav','Yogesh.9.Raghav@niit.com','99999999999',NULL,NULL,'LC','IDC','MEDIA PRODUCTION','IDC1','admin@niit.com','2019-02-22 00:00:00','Vendor','https://i0.wp.com/www.winhelponline.com/blog/wp-content/uploads/2017/12/user.png?fit=256%2C256&quality=100&ssl=1',1),(91,'718012','Satendra Kumar Shah','Satendra.9.Shah@niit.com','99999999999',NULL,NULL,'LC','IDC','MEDIA PRODUCTION','IDC1','admin@niit.com','2019-02-22 00:00:00','Vendor','https://i0.wp.com/www.winhelponline.com/blog/wp-content/uploads/2017/12/user.png?fit=256%2C256&quality=100&ssl=1',1),(93,'00009972','Kamlesh Toor','KamleshToor@NIIT.com','9899360232',NULL,NULL,'LC','IDC','MEDIA PRODUCTION','IDC1','PradipRD@niit.com','2019-02-27 00:00:00','FTE','https://i0.wp.com/www.winhelponline.com/blog/wp-content/uploads/2017/12/user.png?fit=256%2C256&quality=100&ssl=1',1),(94,'00023515','Ravinder','Ravinder@niit.com','9210657718',NULL,NULL,'LC','IDC','MEDIA PRODUCTION','IDC1','PradipRD@niit.com','2019-02-27 00:00:00','FTE','https://i0.wp.com/www.winhelponline.com/blog/wp-content/uploads/2017/12/user.png?fit=256%2C256&quality=100&ssl=1',1),(95,' 00021971 ','Kalidas Singh','Kalidas.Singh@niit.com','9873109282',NULL,NULL,'LC','IDC','MEDIA PRODUCTION','IDC1','PradipRD@niit.com','2019-02-27 00:00:00','FTE','https://i0.wp.com/www.winhelponline.com/blog/wp-content/uploads/2017/12/user.png?fit=256%2C256&quality=100&ssl=1',1),(96,'00032027','Lokesh Sachdeva','Lokesh.Sachdeva@niit.com','01244917018',NULL,NULL,'LC','IDC','MEDIA PRODUCTION','IDC1','Mohammad.Hasan@niit.com','2019-03-11 00:00:00','FTE','https://i0.wp.com/www.winhelponline.com/blog/wp-content/uploads/2017/12/user.png?fit=256%2C256&quality=100&ssl=1',1),(98,'720968-1','Umesh Pandey','Umesh.7.pandey@niit.com','9958452554',NULL,NULL,'LC','IDC','MEDIA PRODUCTION','IDC1','PradipRD@niit.com','2019-03-18 00:00:00','Vendor','https://i0.wp.com/www.winhelponline.com/blog/wp-content/uploads/2017/12/user.png?fit=256%2C256&quality=100&ssl=1',1),(99,'720968-2','Nitin Gogia','Nitin.7.Gogia@niit.com','9599655654',NULL,NULL,'LC','IDC','MEDIA PRODUCTION','IDC1','PradipRD@niit.com','2019-03-18 00:00:00','Vendor','https://i0.wp.com/www.winhelponline.com/blog/wp-content/uploads/2017/12/user.png?fit=256%2C256&quality=100&ssl=1',1),(100,'1234','Yunus Khan','Yunus.9.Khan@niit.com ','9999999999',NULL,NULL,'LC','IDC','MEDIA PRODUCTION','IDC1','PradipRD@niit.com','2019-04-01 00:00:00','Vendor','https://i0.wp.com/www.winhelponline.com/blog/wp-content/uploads/2017/12/user.png?fit=256%2C256&quality=100&ssl=1',1),(101,'12345','Shabbir Khan','Shabbir.9.Khan@niit.com ','9999999999',NULL,NULL,'LC','IDC','MEDIA PRODUCTION','IDC1','PradipRD@niit.com','2019-04-01 00:00:00','Vendor','https://i0.wp.com/www.winhelponline.com/blog/wp-content/uploads/2017/12/user.png?fit=256%2C256&quality=100&ssl=1',1),(102,'123','Prakash Kumar Pathak','Prakash.9.Pathak@niit.com','9999999999',NULL,NULL,'LC','IDC','MEDIA PRODUCTION','IDC1','PradipRD@niit.com','2019-04-01 00:00:00','Vendor','https://i0.wp.com/www.winhelponline.com/blog/wp-content/uploads/2017/12/user.png?fit=256%2C256&quality=100&ssl=1',1),(105,'123456','Alok Pandey','Niit-Alok.Pandey@niit.com','9999999999','2019-04-01','2019-04-30','LC','RICH MEDIA','HMH','PROD-OPS','admin@niit.com','2019-04-05 00:00:00','FTE','https://i0.wp.com/www.winhelponline.com/blog/wp-content/uploads/2017/12/user.png?fit=256%2C256&quality=100&ssl=1',3),(106,'123456','Bharti Sharma','Niit-Bharti.Sharma@niit.com','9999999999',NULL,NULL,'LC','RICH MEDIA','HMH','PROD-OPS','admin@niit.com','2019-04-05 00:00:00','FTE','https://i0.wp.com/www.winhelponline.com/blog/wp-content/uploads/2017/12/user.png?fit=256%2C256&quality=100&ssl=1',3),(107,'123456','Minal Parashar','Minal.Parashar@niit.com','9999999999',NULL,NULL,'LC','RICH MEDIA','HMH','PROD-OPS','admin@niit.com','2019-04-05 00:00:00','FTE','https://i0.wp.com/www.winhelponline.com/blog/wp-content/uploads/2017/12/user.png?fit=256%2C256&quality=100&ssl=1',3),(108,'123456','Veeramanikandan A','Veeramanikandan.A@niit.com','9999999999',NULL,NULL,'LC','RICH MEDIA','HMH','PROD-OPS','admin@niit.com','2019-04-05 00:00:00','FTE','https://i0.wp.com/www.winhelponline.com/blog/wp-content/uploads/2017/12/user.png?fit=256%2C256&quality=100&ssl=1',3),(109,'123456','Khushboo - LC','Khushboo.1@niit.com','9999999999',NULL,NULL,'LC','RICH MEDIA','HMH','SM','admin@niit.com','2019-04-05 00:00:00','FTE','https://i0.wp.com/www.winhelponline.com/blog/wp-content/uploads/2017/12/user.png?fit=256%2C256&quality=100&ssl=1',3),(110,'123456','Prashant Gupta - HMH','Prashant.1.Gupta@niit.com','9999999999',NULL,NULL,'LC','RICH MEDIA','HMH','SM','admin@niit.com','2019-04-05 00:00:00','FTE','https://i0.wp.com/www.winhelponline.com/blog/wp-content/uploads/2017/12/user.png?fit=256%2C256&quality=100&ssl=1',3),(111,'123456','Rohit Kanwar','Rohit.Kanwar@niit.com','9999999999',NULL,NULL,'LC','RICH MEDIA','HMH','SM','admin@niit.com','2019-04-05 00:00:00','FTE','https://i0.wp.com/www.winhelponline.com/blog/wp-content/uploads/2017/12/user.png?fit=256%2C256&quality=100&ssl=1',3),(112,'123456','Shahid Husain','Shahid.Husain@niit.com','9999999999',NULL,NULL,'LC','RICH MEDIA','HMH','SM','admin@niit.com','2019-04-05 00:00:00','FTE','https://i0.wp.com/www.winhelponline.com/blog/wp-content/uploads/2017/12/user.png?fit=256%2C256&quality=100&ssl=1',3),(113,'123456','Sumit Sharma','Sumit.1.Sharma@niit.com','9999999999',NULL,NULL,'LC','RICH MEDIA','HMH','SM','admin@niit.com','2019-04-05 00:00:00','FTE','https://i0.wp.com/www.winhelponline.com/blog/wp-content/uploads/2017/12/user.png?fit=256%2C256&quality=100&ssl=1',3),(114,'123456','Ravi Kumar Upadhyay','Ravi.Upadhyay@niit.com','9999999999',NULL,NULL,'LC','RICH MEDIA','HMH','RE','admin@niit.com','2019-04-05 00:00:00','FTE','https://i0.wp.com/www.winhelponline.com/blog/wp-content/uploads/2017/12/user.png?fit=256%2C256&quality=100&ssl=1',3),(115,'123456','Saurabh Rawat','Saurabh.Rawat@niit.com','9999999999',NULL,NULL,'LC','RICH MEDIA','HMH','RE','admin@niit.com','2019-04-05 00:00:00','FTE','https://i0.wp.com/www.winhelponline.com/blog/wp-content/uploads/2017/12/user.png?fit=256%2C256&quality=100&ssl=1',3),(116,'123456','Prayag Bisht','Prayag.Bisht@niit.com','9999999999',NULL,NULL,'LC','RICH MEDIA','HMH','QA','admin@niit.com','2019-04-05 00:00:00','FTE','https://i0.wp.com/www.winhelponline.com/blog/wp-content/uploads/2017/12/user.png?fit=256%2C256&quality=100&ssl=1',3),(118,'123456','Kamini Tomar','kamini.9.tomar@niit.com','24235345346',NULL,NULL,'LC','IDC','MEDIA PRODUCTION','IDC1','PradipRD@niit.com','2019-04-10 00:00:00','Vendor','https://i0.wp.com/www.winhelponline.com/blog/wp-content/uploads/2017/12/user.png?fit=256%2C256&quality=100&ssl=1',1),(119,'56578','Lalit Kumar','lalit.9a.kumar@niit.com','7567868',NULL,NULL,'LC','IDC','MEDIA PRODUCTION','IDC1','PradipRD@niit.com','2019-04-10 00:00:00','Vendor','https://i0.wp.com/www.winhelponline.com/blog/wp-content/uploads/2017/12/user.png?fit=256%2C256&quality=100&ssl=1',1),(120,'98798794','Karan Rana','Karan.9.Rana@niit.com','12345',NULL,NULL,'LC','IDC','MEDIA PRODUCTION','IDC1','PradipRD@niit.com','2019-04-10 00:00:00','Vendor','https://i0.wp.com/www.winhelponline.com/blog/wp-content/uploads/2017/12/user.png?fit=256%2C256&quality=100&ssl=1',1),(121,'23244','Irfan Hussain','Irfan.9.Hussain@niit.com','9718690314',NULL,NULL,'LC','IDC','MEDIA PRODUCTION','IDC1','PradipRD@niit.com','2019-04-22 00:00:00','Vendor','https://i0.wp.com/www.winhelponline.com/blog/wp-content/uploads/2017/12/user.png?fit=256%2C256&quality=100&ssl=1',1),(122,'543564','Naveen Kumar','Naveen.9.kumar@niit.com','7982354530',NULL,NULL,'LC','IDC','MEDIA PRODUCTION','IDC1','PradipRD@niit.com','2019-04-22 00:00:00','Vendor','https://i0.wp.com/www.winhelponline.com/blog/wp-content/uploads/2017/12/user.png?fit=256%2C256&quality=100&ssl=1',1),(239,'28931','AARTI  SRIVASTAVA','Aarti.Srivastava@niit.com;','99999999999','2019-04-11','2019-04-30','LC','IDC','CONTENT DEVELOPMENT','IDC2','admin@niit.com','2019-02-12 00:00:00','FTE','https://i0.wp.com/www.winhelponline.com/blog/wp-content/uploads/2017/12/user.png?fit=256%2C256&quality=100&ssl=1',2),(240,'32595','AARTIKA  DHAMIJA','Aartika.Dhamija@niit.com;','99999999999',NULL,NULL,'LC','IDC','CONTENT DEVELOPMENT','IDC1','admin@niit.com','2019-02-12 00:00:00','FTE','https://i0.wp.com/www.winhelponline.com/blog/wp-content/uploads/2017/12/user.png?fit=256%2C256&quality=100&ssl=1',2),(241,'32593','AKANKSHA  BHANOT','Akanksha.Bhanot@niit.com;','99999999999',NULL,NULL,'LC','IDC','CONTENT DEVELOPMENT','IDC1','admin@niit.com','2019-02-12 00:00:00','FTE','https://i0.wp.com/www.winhelponline.com/blog/wp-content/uploads/2017/12/user.png?fit=256%2C256&quality=100&ssl=1',2),(242,'33672','AKANKSHA  VINEET','Akanksha.Vineet@niit.com;','99999999999',NULL,NULL,'LC','IDC','CONTENT DEVELOPMENT','IDC1','admin@niit.com','2019-02-12 00:00:00','FTE','https://i0.wp.com/www.winhelponline.com/blog/wp-content/uploads/2017/12/user.png?fit=256%2C256&quality=100&ssl=1',2),(243,'32592','AKSHATHA  MURALI','Akshatha.Murali@niit.com;','99999999999',NULL,NULL,'LC','IDC','CONTENT DEVELOPMENT','IDC2','admin@niit.com','2019-02-12 00:00:00','FTE','https://i0.wp.com/www.winhelponline.com/blog/wp-content/uploads/2017/12/user.png?fit=256%2C256&quality=100&ssl=1',2),(244,'32580','AKSHITA  JAIN','Akshita.Jain@niit.com;','99999999999',NULL,NULL,'LC','IDC','CONTENT DEVELOPMENT','IDC1','admin@niit.com','2019-02-12 00:00:00','FTE','https://i0.wp.com/www.winhelponline.com/blog/wp-content/uploads/2017/12/user.png?fit=256%2C256&quality=100&ssl=1',2),(245,'33676','ALISHBA  KHAN','Alishba.Khan@niit.com;','99999999999',NULL,NULL,'LC','IDC','CONTENT DEVELOPMENT','IDC1','admin@niit.com','2019-02-12 00:00:00','FTE','https://i0.wp.com/www.winhelponline.com/blog/wp-content/uploads/2017/12/user.png?fit=256%2C256&quality=100&ssl=1',2),(246,'33137','ANIRBAN DEY  CHOUDHURY','Anirban.1.Choudhury@niit.com;','99999999999',NULL,NULL,'LC','IDC','CONTENT DEVELOPMENT','IDC1','admin@niit.com','2019-02-12 00:00:00','FTE','https://i0.wp.com/www.winhelponline.com/blog/wp-content/uploads/2017/12/user.png?fit=256%2C256&quality=100&ssl=1',2),(247,'33665','ANJALI  GURSAHANEY','Anjali.Gursahaney@niit.com;','99999999999',NULL,NULL,'LC','IDC','CONTENT DEVELOPMENT','IDC1','admin@niit.com','2019-02-12 00:00:00','FTE','https://i0.wp.com/www.winhelponline.com/blog/wp-content/uploads/2017/12/user.png?fit=256%2C256&quality=100&ssl=1',2),(248,'32588','ANKISHA  .','Ankisha.Roy@niit.com;','99999999999',NULL,NULL,'LC','IDC','CONTENT DEVELOPMENT','IDC1','admin@niit.com','2019-02-12 00:00:00','FTE','https://i0.wp.com/www.winhelponline.com/blog/wp-content/uploads/2017/12/user.png?fit=256%2C256&quality=100&ssl=1',2),(249,'32691','ANKITA  UPADHYAY','Ankita.Upadhyay@niit.com;','99999999999',NULL,NULL,'LC','IDC','CONTENT DEVELOPMENT','IDC1','admin@niit.com','2019-02-12 00:00:00','FTE','https://i0.wp.com/www.winhelponline.com/blog/wp-content/uploads/2017/12/user.png?fit=256%2C256&quality=100&ssl=1',2),(250,'28402','ANUBHA  PANDEY','Anubha.Pandey@niit.com;','99999999999',NULL,NULL,'LC','IDC','CONTENT DEVELOPMENT','IDC2','admin@niit.com','2019-02-12 00:00:00','FTE','https://i0.wp.com/www.winhelponline.com/blog/wp-content/uploads/2017/12/user.png?fit=256%2C256&quality=100&ssl=1',2),(251,'33670','ANUSHA  SHARMA','Anusha.Sharma@niit.com;','99999999999',NULL,NULL,'LC','IDC','CONTENT DEVELOPMENT','IDC1','admin@niit.com','2019-02-12 00:00:00','FTE','https://i0.wp.com/www.winhelponline.com/blog/wp-content/uploads/2017/12/user.png?fit=256%2C256&quality=100&ssl=1',2),(252,'30160','ARCHANA  PANDEY','Archana.Pandey@niit.com;','99999999999',NULL,NULL,'LC','IDC','CONTENT DEVELOPMENT','IDC1','admin@niit.com','2019-02-12 00:00:00','FTE','https://i0.wp.com/www.winhelponline.com/blog/wp-content/uploads/2017/12/user.png?fit=256%2C256&quality=100&ssl=1',2),(253,'31417','AVANTIKA  TYAGI','Avantika.Tyagi@niit.com;','99999999999',NULL,NULL,'LC','IDC','CONTENT DEVELOPMENT','IDC1','admin@niit.com','2019-02-12 00:00:00','FTE','https://i0.wp.com/www.winhelponline.com/blog/wp-content/uploads/2017/12/user.png?fit=256%2C256&quality=100&ssl=1',2),(254,'32964','BHAVYA  VERMA','Bhavya.Verma@niit.com;','99999999999',NULL,NULL,'LC','IDC','CONTENT DEVELOPMENT','IDC1','admin@niit.com','2019-02-12 00:00:00','FTE','https://i0.wp.com/www.winhelponline.com/blog/wp-content/uploads/2017/12/user.png?fit=256%2C256&quality=100&ssl=1',2),(255,'32838','DEEKSHA  .','Deeksha@niit.com;','99999999999',NULL,NULL,'LC','IDC','CONTENT DEVELOPMENT','IDC2','admin@niit.com','2019-02-12 00:00:00','FTE','https://i0.wp.com/www.winhelponline.com/blog/wp-content/uploads/2017/12/user.png?fit=256%2C256&quality=100&ssl=1',2),(256,'31397','DEVANSHI  SHARMA','Devanshi.Sharma@niit.com;','99999999999',NULL,NULL,'LC','IDC','CONTENT DEVELOPMENT','IDC1','admin@niit.com','2019-02-12 00:00:00','FTE','https://i0.wp.com/www.winhelponline.com/blog/wp-content/uploads/2017/12/user.png?fit=256%2C256&quality=100&ssl=1',2),(257,'32570','DIPALI  SHARMA','Dipali.Sharma@niit.com;','99999999999',NULL,NULL,'LC','IDC','CONTENT DEVELOPMENT','IDC1','admin@niit.com','2019-02-12 00:00:00','FTE','https://i0.wp.com/www.winhelponline.com/blog/wp-content/uploads/2017/12/user.png?fit=256%2C256&quality=100&ssl=1',2),(258,'31392','DISHA  VERMA','Disha.Verma@niit.com;','99999999999',NULL,NULL,'LC','IDC','CONTENT DEVELOPMENT','IDC1','admin@niit.com','2019-02-12 00:00:00','FTE','https://i0.wp.com/www.winhelponline.com/blog/wp-content/uploads/2017/12/user.png?fit=256%2C256&quality=100&ssl=1',2),(259,'33671','DIVVIYA  JAIN','Divviya.Jain@niit.com;','99999999999',NULL,NULL,'LC','IDC','CONTENT DEVELOPMENT','IDC1','admin@niit.com','2019-02-12 00:00:00','FTE','https://i0.wp.com/www.winhelponline.com/blog/wp-content/uploads/2017/12/user.png?fit=256%2C256&quality=100&ssl=1',2),(260,'31393','GARIMA  CHAWLA','Garima.Chawla@niit.com;','99999999999',NULL,NULL,'LC','IDC','CONTENT DEVELOPMENT','IDC1','admin@niit.com','2019-02-12 00:00:00','FTE','https://i0.wp.com/www.winhelponline.com/blog/wp-content/uploads/2017/12/user.png?fit=256%2C256&quality=100&ssl=1',2),(261,'28806','GARIMA  KHEMKA','Garima.khemka@niit.com;','99999999999',NULL,NULL,'LC','IDC','CONTENT DEVELOPMENT','IDC3','admin@niit.com','2019-02-12 00:00:00','FTE','https://i0.wp.com/www.winhelponline.com/blog/wp-content/uploads/2017/12/user.png?fit=256%2C256&quality=100&ssl=1',2),(262,'32582','GAURI  MISHRA','Gauri.Mishra@niit.com;','99999999999',NULL,NULL,'LC','IDC','CONTENT DEVELOPMENT','IDC1','admin@niit.com','2019-02-12 00:00:00','FTE','https://i0.wp.com/www.winhelponline.com/blog/wp-content/uploads/2017/12/user.png?fit=256%2C256&quality=100&ssl=1',2),(263,'33662','GUNJAN  MEHROTRA','Gunjan.Mehrotra@niit.com;','99999999999',NULL,NULL,'LC','IDC','CONTENT DEVELOPMENT','IDC1','admin@niit.com','2019-02-12 00:00:00','FTE','https://i0.wp.com/www.winhelponline.com/blog/wp-content/uploads/2017/12/user.png?fit=256%2C256&quality=100&ssl=1',2),(264,'32839','GURLEEN  BAJAJ','Gurleen.Bajaj@niit.com;','99999999999',NULL,NULL,'LC','IDC','CONTENT DEVELOPMENT','IDC2','admin@niit.com','2019-02-12 00:00:00','FTE','https://i0.wp.com/www.winhelponline.com/blog/wp-content/uploads/2017/12/user.png?fit=256%2C256&quality=100&ssl=1',2),(265,'33656','HEENA  PRIYA','Heena.Priya@niit.com;','99999999999',NULL,NULL,'LC','IDC','CONTENT DEVELOPMENT','IDC1','admin@niit.com','2019-02-12 00:00:00','FTE','https://i0.wp.com/www.winhelponline.com/blog/wp-content/uploads/2017/12/user.png?fit=256%2C256&quality=100&ssl=1',2),(266,'30975','HIMANSHI  SHARMA','Himanshi.Sharma@niit.com;','99999999999',NULL,NULL,'LC','IDC','CONTENT DEVELOPMENT','IDC1','admin@niit.com','2019-02-12 00:00:00','FTE','https://i0.wp.com/www.winhelponline.com/blog/wp-content/uploads/2017/12/user.png?fit=256%2C256&quality=100&ssl=1',2),(267,'32585','JAHANVI  GOEL','Jahanvi.Goel@niit.com;','99999999999',NULL,NULL,'LC','IDC','CONTENT DEVELOPMENT','IDC1','admin@niit.com','2019-02-12 00:00:00','FTE','https://i0.wp.com/www.winhelponline.com/blog/wp-content/uploads/2017/12/user.png?fit=256%2C256&quality=100&ssl=1',2),(268,'33664','JAYATI  PARGAL','Jayati.Pargal@niit.com;','99999999999',NULL,NULL,'LC','IDC','CONTENT DEVELOPMENT','IDC1','admin@niit.com','2019-02-12 00:00:00','FTE','https://i0.wp.com/www.winhelponline.com/blog/wp-content/uploads/2017/12/user.png?fit=256%2C256&quality=100&ssl=1',2),(269,'31419','KAJAL  BHATIA','Kajal.Bhatia@niit.com;','99999999999',NULL,NULL,'LC','IDC','CONTENT DEVELOPMENT','IDC1','admin@niit.com','2019-02-12 00:00:00','FTE','https://i0.wp.com/www.winhelponline.com/blog/wp-content/uploads/2017/12/user.png?fit=256%2C256&quality=100&ssl=1',2),(270,'33140','KANU  SANDHU','Kanu.Sandhu@niit.com;','99999999999',NULL,NULL,'LC','IDC','CONTENT DEVELOPMENT','IDC1','admin@niit.com','2019-02-12 00:00:00','FTE','https://i0.wp.com/www.winhelponline.com/blog/wp-content/uploads/2017/12/user.png?fit=256%2C256&quality=100&ssl=1',2),(271,'33675','KARISHMA  SRIVASTAVA','Karishma.Srivastava@niit.com;','99999999999',NULL,NULL,'LC','IDC','CONTENT DEVELOPMENT','IDC1','admin@niit.com','2019-02-12 00:00:00','FTE','https://i0.wp.com/www.winhelponline.com/blog/wp-content/uploads/2017/12/user.png?fit=256%2C256&quality=100&ssl=1',2),(272,'28929','KOEL  MUKHERJEE','Koel.Mukherjee@niit.com;','99999999999',NULL,NULL,'LC','IDC','CONTENT DEVELOPMENT','IDC1','admin@niit.com','2019-02-12 00:00:00','FTE','https://i0.wp.com/www.winhelponline.com/blog/wp-content/uploads/2017/12/user.png?fit=256%2C256&quality=100&ssl=1',2),(273,'30165','KRITI  SINGH','Kriti.Singh@niit.com;','99999999999',NULL,NULL,'LC','IDC','CONTENT DEVELOPMENT','IDC2','admin@niit.com','2019-02-12 00:00:00','FTE','https://i0.wp.com/www.winhelponline.com/blog/wp-content/uploads/2017/12/user.png?fit=256%2C256&quality=100&ssl=1',2),(274,'29812','KUNAL  REWANI','Kunal.Rewani@niit.com;','99999999999',NULL,NULL,'LC','IDC','CONTENT DEVELOPMENT','IDC1','admin@niit.com','2019-02-12 00:00:00','FTE','https://i0.wp.com/www.winhelponline.com/blog/wp-content/uploads/2017/12/user.png?fit=256%2C256&quality=100&ssl=1',2),(275,'32549','LOVLEEN  KAUR','Lovleen.Kaur@niit.com;','99999999999',NULL,NULL,'LC','IDC','CONTENT DEVELOPMENT','IDC1','admin@niit.com','2019-02-12 00:00:00','FTE','https://i0.wp.com/www.winhelponline.com/blog/wp-content/uploads/2017/12/user.png?fit=256%2C256&quality=100&ssl=1',2),(276,'33663','MADHAVI  SHARMA','Madhavi.Sharma@niit.com;','99999999999',NULL,NULL,'LC','IDC','CONTENT DEVELOPMENT','IDC1','admin@niit.com','2019-02-12 00:00:00','FTE','https://i0.wp.com/www.winhelponline.com/blog/wp-content/uploads/2017/12/user.png?fit=256%2C256&quality=100&ssl=1',2),(277,'32970','MANDAKINI  VERMA','Mandakini.Verma@niit.com;','99999999999',NULL,NULL,'LC','IDC','CONTENT DEVELOPMENT','IDC1','admin@niit.com','2019-02-12 00:00:00','FTE','https://i0.wp.com/www.winhelponline.com/blog/wp-content/uploads/2017/12/user.png?fit=256%2C256&quality=100&ssl=1',2),(278,'33674','MUSKAN  SODHI','Muskan.Sodhi@niit.com;','99999999999',NULL,NULL,'LC','IDC','CONTENT DEVELOPMENT','IDC1','admin@niit.com','2019-02-12 00:00:00','FTE','https://i0.wp.com/www.winhelponline.com/blog/wp-content/uploads/2017/12/user.png?fit=256%2C256&quality=100&ssl=1',2),(279,'29504','NEHA  AGRAWAL','Neha.Agrawal@niit.com;','99999999999',NULL,NULL,'LC','IDC','CONTENT DEVELOPMENT','IDC2','admin@niit.com','2019-02-12 00:00:00','FTE','https://i0.wp.com/www.winhelponline.com/blog/wp-content/uploads/2017/12/user.png?fit=256%2C256&quality=100&ssl=1',2),(280,'32551','NEHA  SHARMA','Neha.Sharma@niit.com;','99999999999',NULL,NULL,'LC','IDC','CONTENT DEVELOPMENT','IDC1','admin@niit.com','2019-02-12 00:00:00','FTE','https://i0.wp.com/www.winhelponline.com/blog/wp-content/uploads/2017/12/user.png?fit=256%2C256&quality=100&ssl=1',2),(281,'33667','NIHARIKA  ADHIKARI','Niharika.Adhikari@niit.com;','99999999999',NULL,NULL,'LC','IDC','CONTENT DEVELOPMENT','IDC1','admin@niit.com','2019-02-12 00:00:00','FTE','https://i0.wp.com/www.winhelponline.com/blog/wp-content/uploads/2017/12/user.png?fit=256%2C256&quality=100&ssl=1',2),(282,'30486','PRACHI  VIJ','Prachi.Vij@niit.com;','99999999999',NULL,NULL,'LC','IDC','CONTENT DEVELOPMENT','IDC1','admin@niit.com','2019-02-12 00:00:00','FTE','https://i0.wp.com/www.winhelponline.com/blog/wp-content/uploads/2017/12/user.png?fit=256%2C256&quality=100&ssl=1',2),(283,'33655','PRITHA  MAJUMDAR','Pritha.Majumdar@niit.com;','99999999999',NULL,NULL,'LC','IDC','CONTENT DEVELOPMENT','IDC1','admin@niit.com','2019-02-12 00:00:00','FTE','https://i0.wp.com/www.winhelponline.com/blog/wp-content/uploads/2017/12/user.png?fit=256%2C256&quality=100&ssl=1',2),(284,'23689','PRIYA  VASISHTA','Priya.Vasishta@niit.com;','99999999999',NULL,NULL,'LC','IDC','CONTENT DEVELOPMENT','IDC1','admin@niit.com','2019-02-12 00:00:00','FTE','https://i0.wp.com/www.winhelponline.com/blog/wp-content/uploads/2017/12/user.png?fit=256%2C256&quality=100&ssl=1',2),(285,'25014','PRIYANKA  RANA','Priyanka.Rana@niit.com;','99999999999',NULL,NULL,'LC','IDC','CONTENT DEVELOPMENT','IDC1','admin@niit.com','2019-02-12 00:00:00','FTE','https://i0.wp.com/www.winhelponline.com/blog/wp-content/uploads/2017/12/user.png?fit=256%2C256&quality=100&ssl=1',2),(286,'33659','QAREENA  NADEEM','Qareena.Nadeem@niit.com;','99999999999',NULL,NULL,'LC','IDC','CONTENT DEVELOPMENT','IDC1','admin@niit.com','2019-02-12 00:00:00','FTE','https://i0.wp.com/www.winhelponline.com/blog/wp-content/uploads/2017/12/user.png?fit=256%2C256&quality=100&ssl=1',2),(287,'32968','R HARI  KUMAR','Rhkumar@niit.com;','99999999999',NULL,NULL,'LC','IDC','CONTENT DEVELOPMENT','IDC1','admin@niit.com','2019-02-12 00:00:00','FTE','https://i0.wp.com/www.winhelponline.com/blog/wp-content/uploads/2017/12/user.png?fit=256%2C256&quality=100&ssl=1',2),(288,'22517','RADHIKA  MATHUR','Radhika.Mathur@niit.com;','99999999999',NULL,NULL,'LC','IDC','CONTENT DEVELOPMENT','IDC2','admin@niit.com','2019-02-12 00:00:00','FTE','https://i0.wp.com/www.winhelponline.com/blog/wp-content/uploads/2017/12/user.png?fit=256%2C256&quality=100&ssl=1',2),(289,'25764','REENA  ROY','Reena.Roy@niit.com;','99999999999',NULL,NULL,'LC','IDC','CONTENT DEVELOPMENT','IDC1','admin@niit.com','2019-02-12 00:00:00','FTE','https://i0.wp.com/www.winhelponline.com/blog/wp-content/uploads/2017/12/user.png?fit=256%2C256&quality=100&ssl=1',2),(290,'33110','REKHA  RAJAN','Rekha.Rajan@niit.com;','99999999999',NULL,NULL,'LC','IDC','CONTENT DEVELOPMENT','IDC1','admin@niit.com','2019-02-12 00:00:00','FTE','https://i0.wp.com/www.winhelponline.com/blog/wp-content/uploads/2017/12/user.png?fit=256%2C256&quality=100&ssl=1',2),(291,'32842','RITU  SINGH','Ritu.Singh@niit.com;','99999999999',NULL,NULL,'LC','IDC','CONTENT DEVELOPMENT','IDC1','admin@niit.com','2019-02-12 00:00:00','FTE','https://i0.wp.com/www.winhelponline.com/blog/wp-content/uploads/2017/12/user.png?fit=256%2C256&quality=100&ssl=1',2),(292,'31017','RONALD ARUP  BISWAS','Ronald.Biswas@niit.com;','99999999999',NULL,NULL,'LC','IDC','CONTENT DEVELOPMENT','IDC1','admin@niit.com','2019-02-12 00:00:00','FTE','https://i0.wp.com/www.winhelponline.com/blog/wp-content/uploads/2017/12/user.png?fit=256%2C256&quality=100&ssl=1',2),(293,'14611','SAHANA  GHOSH','SahanaG@niit.com;','99999999999',NULL,NULL,'LC','IDC','CONTENT DEVELOPMENT','IDC1','admin@niit.com','2019-02-12 00:00:00','FTE','https://i0.wp.com/www.winhelponline.com/blog/wp-content/uploads/2017/12/user.png?fit=256%2C256&quality=100&ssl=1',2),(294,'32841','SAMBHAWI  GAUTAM','Sambhawi.Gautam@niit.com;','99999999999',NULL,NULL,'LC','IDC','CONTENT DEVELOPMENT','IDC1','admin@niit.com','2019-02-12 00:00:00','FTE','https://i0.wp.com/www.winhelponline.com/blog/wp-content/uploads/2017/12/user.png?fit=256%2C256&quality=100&ssl=1',2),(295,'24992','SANGEETA  DEVI','Sangeeta.Devi@niit.com;','99999999999',NULL,NULL,'LC','IDC','CONTENT DEVELOPMENT','IDC1','admin@niit.com','2019-02-12 00:00:00','FTE','https://i0.wp.com/www.winhelponline.com/blog/wp-content/uploads/2017/12/user.png?fit=256%2C256&quality=100&ssl=1',2),(296,'33210','SAURABH  GUPTA','Saurabh.1.Gupta@niit.com;','99999999999',NULL,NULL,'LC','IDC','CONTENT DEVELOPMENT','IDC1','admin@niit.com','2019-02-12 00:00:00','FTE','https://i0.wp.com/www.winhelponline.com/blog/wp-content/uploads/2017/12/user.png?fit=256%2C256&quality=100&ssl=1',2),(297,'33657','SAVLEEN  KAUR','Savleen.Kaur@niit.com;','99999999999',NULL,NULL,'LC','IDC','CONTENT DEVELOPMENT','IDC1','admin@niit.com','2019-02-12 00:00:00','FTE','https://i0.wp.com/www.winhelponline.com/blog/wp-content/uploads/2017/12/user.png?fit=256%2C256&quality=100&ssl=1',2),(298,'31420','SHALINI  KAFALTIYA','Shalini.Kafaltiya@niit.com;','99999999999',NULL,NULL,'LC','IDC','CONTENT DEVELOPMENT','IDC1','admin@niit.com','2019-02-12 00:00:00','FTE','https://i0.wp.com/www.winhelponline.com/blog/wp-content/uploads/2017/12/user.png?fit=256%2C256&quality=100&ssl=1',2),(299,'32548','SHAURYA  JAIN','Shaurya.Jain@niit.com;','99999999999',NULL,NULL,'LC','IDC','CONTENT DEVELOPMENT','IDC1','admin@niit.com','2019-02-12 00:00:00','FTE','https://i0.wp.com/www.winhelponline.com/blog/wp-content/uploads/2017/12/user.png?fit=256%2C256&quality=100&ssl=1',2),(300,'18613','SHEETAL  CHAUHAN','Sheetal.Chauhan@niit.com;','99999999999',NULL,NULL,'LC','IDC','CONTENT DEVELOPMENT','IDC1','admin@niit.com','2019-02-12 00:00:00','FTE','https://i0.wp.com/www.winhelponline.com/blog/wp-content/uploads/2017/12/user.png?fit=256%2C256&quality=100&ssl=1',2),(301,'33658','SHIVANJALI  KUMAR','Shivanjali.Kumar@niit.com;','99999999999',NULL,NULL,'LC','IDC','CONTENT DEVELOPMENT','IDC1','admin@niit.com','2019-02-12 00:00:00','FTE','https://i0.wp.com/www.winhelponline.com/blog/wp-content/uploads/2017/12/user.png?fit=256%2C256&quality=100&ssl=1',2),(302,'33673','SHRUTI  .','Shruti@niit.com;','99999999999',NULL,NULL,'LC','IDC','CONTENT DEVELOPMENT','IDC1','admin@niit.com','2019-02-12 00:00:00','FTE','https://i0.wp.com/www.winhelponline.com/blog/wp-content/uploads/2017/12/user.png?fit=256%2C256&quality=100&ssl=1',2),(303,'30161','SIDRAH  NAZ','Sidrah.Naz@niit.com;','99999999999',NULL,NULL,'LC','IDC','CONTENT DEVELOPMENT','IDC1','admin@niit.com','2019-02-12 00:00:00','FTE','https://i0.wp.com/www.winhelponline.com/blog/wp-content/uploads/2017/12/user.png?fit=256%2C256&quality=100&ssl=1',2),(304,'33660','SIMARPREET  KAUR','Simarpreet.Kaur@niit.com;','99999999999',NULL,NULL,'LC','IDC','CONTENT DEVELOPMENT','IDC1','admin@niit.com','2019-02-12 00:00:00','FTE','https://i0.wp.com/www.winhelponline.com/blog/wp-content/uploads/2017/12/user.png?fit=256%2C256&quality=100&ssl=1',2),(305,'33654','SIMRAN KUMARI  GUPTA','Simran.Kumari@niit.com;','99999999999',NULL,NULL,'LC','IDC','CONTENT DEVELOPMENT','IDC1','admin@niit.com','2019-02-12 00:00:00','FTE','https://i0.wp.com/www.winhelponline.com/blog/wp-content/uploads/2017/12/user.png?fit=256%2C256&quality=100&ssl=1',2),(306,'32561','SNEHA  GARG','Sneha.Garg@niit.com;','99999999999',NULL,NULL,'LC','IDC','CONTENT DEVELOPMENT','IDC1','admin@niit.com','2019-02-12 00:00:00','FTE','https://i0.wp.com/www.winhelponline.com/blog/wp-content/uploads/2017/12/user.png?fit=256%2C256&quality=100&ssl=1',2),(307,'33661','SOMYA  MEHROTRA','Somya.Mehrotra@niit.com;','99999999999',NULL,NULL,'LC','IDC','CONTENT DEVELOPMENT','IDC1','admin@niit.com','2019-02-12 00:00:00','FTE','https://i0.wp.com/www.winhelponline.com/blog/wp-content/uploads/2017/12/user.png?fit=256%2C256&quality=100&ssl=1',2),(308,'29843','SOUMI  MAJUMDAR','Soumi.Majumdar@niit.com;','99999999999',NULL,NULL,'LC','IDC','CONTENT DEVELOPMENT','IDC1','admin@niit.com','2019-02-12 00:00:00','FTE','https://i0.wp.com/www.winhelponline.com/blog/wp-content/uploads/2017/12/user.png?fit=256%2C256&quality=100&ssl=1',2),(309,'32589','SOUMYA  MISRA','Soumya.Misra@niit.com;','99999999999',NULL,NULL,'LC','IDC','CONTENT DEVELOPMENT','IDC1','admin@niit.com','2019-02-12 00:00:00','FTE','https://i0.wp.com/www.winhelponline.com/blog/wp-content/uploads/2017/12/user.png?fit=256%2C256&quality=100&ssl=1',2),(310,'33653','STUTI  GHOSHAL','Stuti.Ghoshal@niit.com;','99999999999',NULL,NULL,'LC','IDC','CONTENT DEVELOPMENT','IDC1','admin@niit.com','2019-02-12 00:00:00','FTE','https://i0.wp.com/www.winhelponline.com/blog/wp-content/uploads/2017/12/user.png?fit=256%2C256&quality=100&ssl=1',2),(311,'30841','SUKRITI  GAURI','Sukriti.Gauri@niit.com;','99999999999',NULL,NULL,'LC','IDC','CONTENT DEVELOPMENT','IDC1','admin@niit.com','2019-02-12 00:00:00','FTE','https://i0.wp.com/www.winhelponline.com/blog/wp-content/uploads/2017/12/user.png?fit=256%2C256&quality=100&ssl=1',2),(312,'32834','SUMEDHA  MISHRA','Sumedha.Mishra@niit.com;','99999999999',NULL,NULL,'LC','IDC','CONTENT DEVELOPMENT','IDC1','admin@niit.com','2019-02-12 00:00:00','FTE','https://i0.wp.com/www.winhelponline.com/blog/wp-content/uploads/2017/12/user.png?fit=256%2C256&quality=100&ssl=1',2),(313,'25436','SUSHANT  SETHI','Sushant.Sethi@niit.com;','99999999999',NULL,NULL,'LC','IDC','CONTENT DEVELOPMENT','IDC1','admin@niit.com','2019-02-12 00:00:00','FTE','https://i0.wp.com/www.winhelponline.com/blog/wp-content/uploads/2017/12/user.png?fit=256%2C256&quality=100&ssl=1',2),(314,'10111','TANU  BHALOTRA','TanuS@niit.com;','99999999999',NULL,NULL,'LC','IDC','CONTENT DEVELOPMENT','IDC1','admin@niit.com','2019-02-12 00:00:00','FTE','https://i0.wp.com/www.winhelponline.com/blog/wp-content/uploads/2017/12/user.png?fit=256%2C256&quality=100&ssl=1',2),(315,'33668','TANYA  MAGOO','Tanya.Magoo@niit.com;','99999999999',NULL,NULL,'LC','IDC','CONTENT DEVELOPMENT','IDC1','admin@niit.com','2019-02-12 00:00:00','FTE','https://i0.wp.com/www.winhelponline.com/blog/wp-content/uploads/2017/12/user.png?fit=256%2C256&quality=100&ssl=1',2),(316,'33666','TRISHA  PURI','Trisha.Puri@niit.com;','99999999999',NULL,NULL,'LC','IDC','CONTENT DEVELOPMENT','IDC1','admin@niit.com','2019-02-12 00:00:00','FTE','https://i0.wp.com/www.winhelponline.com/blog/wp-content/uploads/2017/12/user.png?fit=256%2C256&quality=100&ssl=1',2),(317,'32837','VAANI  BHANDARI','Vaani.Bhandari@niit.com;','99999999999',NULL,NULL,'LC','IDC','CONTENT DEVELOPMENT','IDC1','admin@niit.com','2019-02-12 00:00:00','FTE','https://i0.wp.com/www.winhelponline.com/blog/wp-content/uploads/2017/12/user.png?fit=256%2C256&quality=100&ssl=1',2),(318,'33669','VIBHUTI  MANCHANDA','Vibhuti.Manchanda@niit.com;','99999999999',NULL,NULL,'LC','IDC','CONTENT DEVELOPMENT','IDC1','admin@niit.com','2019-02-12 00:00:00','FTE','https://i0.wp.com/www.winhelponline.com/blog/wp-content/uploads/2017/12/user.png?fit=256%2C256&quality=100&ssl=1',2),(319,'6383','VIKAS  CHOWDHRY','VikasCh@NIIT.com;','99999999999',NULL,NULL,'LC','IDC','CONTENT DEVELOPMENT','IDC1','admin@niit.com','2019-02-12 00:00:00','FTE','https://i0.wp.com/www.winhelponline.com/blog/wp-content/uploads/2017/12/user.png?fit=256%2C256&quality=100&ssl=1',2),(320,'33282','VIKASH KUMAR  SUMAN','Vikash.Suman@niit.com;','99999999999',NULL,NULL,'LC','IDC','CONTENT DEVELOPMENT','IDC1','admin@niit.com','2019-02-12 00:00:00','FTE','https://i0.wp.com/www.winhelponline.com/blog/wp-content/uploads/2017/12/user.png?fit=256%2C256&quality=100&ssl=1',2),(321,'33476','VRUSHALEE VINAYAK GATNE','Vrushalee.Gatne@niit.com;','99999999999',NULL,NULL,'LC','IDC','CONTENT DEVELOPMENT','IDC1','admin@niit.com','2019-02-12 00:00:00','FTE','https://i0.wp.com/www.winhelponline.com/blog/wp-content/uploads/2017/12/user.png?fit=256%2C256&quality=100&ssl=1',2),(322,'3367','LOKESH  BHOG','LokeshB@NIIT.com;','99999999999',NULL,NULL,'LC','IDC','CONTENT DEVELOPMENT','IDC1','admin@niit.com','2019-02-12 00:00:00','Vendor','https://i0.wp.com/www.winhelponline.com/blog/wp-content/uploads/2017/12/user.png?fit=256%2C256&quality=100&ssl=1',2),(323,'722243','Abhishek Rathor','abhishek.9@niit.com','99999999999',NULL,NULL,'LC','IDC','CONTENT DEVELOPMENT','IDC2','admin@niit.com','2019-02-12 00:00:00','Vendor','https://i0.wp.com/www.winhelponline.com/blog/wp-content/uploads/2017/12/user.png?fit=256%2C256&quality=100&ssl=1',2),(324,'722697','Akhil Bisht','akhil.9.bisht@niit.com','99999999999',NULL,NULL,'LC','IDC','CONTENT DEVELOPMENT','IDC3','admin@niit.com','2019-02-12 00:00:00','Vendor','https://i0.wp.com/www.winhelponline.com/blog/wp-content/uploads/2017/12/user.png?fit=256%2C256&quality=100&ssl=1',2),(325,'722263','Anshu Kumar','anshu.9.kumar@niit.com','99999999999',NULL,NULL,'LC','IDC','CONTENT DEVELOPMENT','IDC2','admin@niit.com','2019-02-12 00:00:00','Vendor','https://i0.wp.com/www.winhelponline.com/blog/wp-content/uploads/2017/12/user.png?fit=256%2C256&quality=100&ssl=1',2),(326,'722655','Bivek Kumar Minj','bivek.9.minj@niit.com','99999999999',NULL,NULL,'LC','IDC','CONTENT DEVELOPMENT','IDC2','admin@niit.com','2019-02-12 00:00:00','Vendor','https://i0.wp.com/www.winhelponline.com/blog/wp-content/uploads/2017/12/user.png?fit=256%2C256&quality=100&ssl=1',2),(327,'722648','Garima Saini','Garima.9.saini@niit.com','99999999999',NULL,NULL,'LC','IDC','CONTENT DEVELOPMENT','IDC2','admin@niit.com','2019-02-12 00:00:00','Vendor','https://i0.wp.com/www.winhelponline.com/blog/wp-content/uploads/2017/12/user.png?fit=256%2C256&quality=100&ssl=1',2),(328,'722715','Geetika Sehgal','Geetika.9.Sehgal@niit.com','99999999999',NULL,NULL,'LC','IDC','CONTENT DEVELOPMENT','IDC2','admin@niit.com','2019-02-12 00:00:00','Vendor','https://i0.wp.com/www.winhelponline.com/blog/wp-content/uploads/2017/12/user.png?fit=256%2C256&quality=100&ssl=1',2),(329,'722687','Himanshu Gill','Himanshu.9.gill@niit.com','99999999999',NULL,NULL,'LC','IDC','CONTENT DEVELOPMENT','IDC2','admin@niit.com','2019-02-12 00:00:00','Vendor','https://i0.wp.com/www.winhelponline.com/blog/wp-content/uploads/2017/12/user.png?fit=256%2C256&quality=100&ssl=1',2),(330,'722663','Joy Mukherjee','Joy.9.mukherjee@niit.com','99999999999',NULL,NULL,'LC','IDC','CONTENT DEVELOPMENT','IDC2','admin@niit.com','2019-02-12 00:00:00','Vendor','https://i0.wp.com/www.winhelponline.com/blog/wp-content/uploads/2017/12/user.png?fit=256%2C256&quality=100&ssl=1',2),(331,'718012','Komlesh','Komalesh.9.Narayan@niit.com','99999999999',NULL,NULL,'LC','IDC','CONTENT DEVELOPMENT','IDC1','admin@niit.com','2019-02-12 00:00:00','Vendor','https://i0.wp.com/www.winhelponline.com/blog/wp-content/uploads/2017/12/user.png?fit=256%2C256&quality=100&ssl=1',2),(332,'723017','Luxica Sopory','Luxica.9.Sopory@niit.com','99999999999',NULL,NULL,'LC','IDC','CONTENT DEVELOPMENT','IDC1','admin@niit.com','2019-02-12 00:00:00','Vendor','https://i0.wp.com/www.winhelponline.com/blog/wp-content/uploads/2017/12/user.png?fit=256%2C256&quality=100&ssl=1',2),(333,'722479','Namrita Prakash','Namrita.9.Prakash@niit.com','99999999999',NULL,NULL,'LC','IDC','CONTENT DEVELOPMENT','IDC1','admin@niit.com','2019-02-12 00:00:00','Vendor','https://i0.wp.com/www.winhelponline.com/blog/wp-content/uploads/2017/12/user.png?fit=256%2C256&quality=100&ssl=1',2),(334,'718012','Neha Sharma','Neha.9a.Sharma@niit.com','99999999999',NULL,NULL,'LC','IDC','CONTENT DEVELOPMENT','IDC1','admin@niit.com','2019-02-12 00:00:00','Vendor','https://i0.wp.com/www.winhelponline.com/blog/wp-content/uploads/2017/12/user.png?fit=256%2C256&quality=100&ssl=1',2),(335,'718012','Priyanka Bhargwa','Priyanka.9.Bhargava@niit.com','99999999999',NULL,NULL,'LC','IDC','CONTENT DEVELOPMENT','IDC1','admin@niit.com','2019-02-12 00:00:00','Vendor','https://i0.wp.com/www.winhelponline.com/blog/wp-content/uploads/2017/12/user.png?fit=256%2C256&quality=100&ssl=1',2),(336,'723580','Shikha Grover','Shikha.9.Grover@niit.com','99999999999',NULL,NULL,'LC','IDC','CONTENT DEVELOPMENT','IDC1','admin@niit.com','2019-02-12 00:00:00','Vendor','https://i0.wp.com/www.winhelponline.com/blog/wp-content/uploads/2017/12/user.png?fit=256%2C256&quality=100&ssl=1',2),(337,'718012','Neha Malik','Neha.9.Malik@niit.com','99999999999',NULL,NULL,'LC','IDC','CONTENT DEVELOPMENT','IDC1','admin@niit.com','2019-02-12 00:00:00','Vendor','https://i0.wp.com/www.winhelponline.com/blog/wp-content/uploads/2017/12/user.png?fit=256%2C256&quality=100&ssl=1',2),(338,'718012','Smriti Dixit','Smriti.9.Dixit@niit.com','99999999999',NULL,NULL,'LC','IDC','CONTENT DEVELOPMENT','IDC1','admin@niit.com','2019-02-12 00:00:00','Vendor','https://i0.wp.com/www.winhelponline.com/blog/wp-content/uploads/2017/12/user.png?fit=256%2C256&quality=100&ssl=1',2),(339,'718012','Amrita Hazra','Amrita.9.Hazra@niit.com','99999999999',NULL,NULL,'LC','IDC','CONTENT DEVELOPMENT','IDC1','admin@niit.com','2019-02-12 00:00:00','Vendor','https://i0.wp.com/www.winhelponline.com/blog/wp-content/uploads/2017/12/user.png?fit=256%2C256&quality=100&ssl=1',2),(340,'723775','Arushi Sharma','Arushi.9.Sharma@niit.com','99999999999',NULL,NULL,'LC','IDC','CONTENT DEVELOPMENT','IDC1','admin@niit.com','2019-02-12 00:00:00','Vendor','https://i0.wp.com/www.winhelponline.com/blog/wp-content/uploads/2017/12/user.png?fit=256%2C256&quality=100&ssl=1',2),(341,'724176','Sudeshna','Sudeshna.9.Singh@niit.com','99999999999',NULL,NULL,'LC','IDC','CONTENT DEVELOPMENT','IDC2','admin@niit.com','2019-02-12 00:00:00','Vendor','https://i0.wp.com/www.winhelponline.com/blog/wp-content/uploads/2017/12/user.png?fit=256%2C256&quality=100&ssl=1',2),(342,'723808','Aditi Bhanwal','aditi.bhanwal@niit.com','99999999999',NULL,NULL,'LC','IDC','CONTENT DEVELOPMENT','IDC2','admin@niit.com','2019-02-12 00:00:00','Vendor','https://i0.wp.com/www.winhelponline.com/blog/wp-content/uploads/2017/12/user.png?fit=256%2C256&quality=100&ssl=1',2),(343,'724069','Manish Taneja ','Manish.9.Taneja@niit.com','99999999999',NULL,NULL,'LC','IDC','CONTENT DEVELOPMENT','IDC2','admin@niit.com','2019-02-12 00:00:00','Vendor','https://i0.wp.com/www.winhelponline.com/blog/wp-content/uploads/2017/12/user.png?fit=256%2C256&quality=100&ssl=1',2),(344,'718012','Preeti tyagi','Preeti.9.Tyagi@niit.com','99999999999',NULL,NULL,'LC','IDC','CONTENT DEVELOPMENT','IDC2','admin@niit.com','2019-02-12 00:00:00','Vendor','https://i0.wp.com/www.winhelponline.com/blog/wp-content/uploads/2017/12/user.png?fit=256%2C256&quality=100&ssl=1',2),(345,'718012','Akansha sinha','Akansha.9.Sinha@niit.com','99999999999',NULL,NULL,'LC','IDC','CONTENT DEVELOPMENT','IDC2','admin@niit.com','2019-02-12 00:00:00','Vendor','https://i0.wp.com/www.winhelponline.com/blog/wp-content/uploads/2017/12/user.png?fit=256%2C256&quality=100&ssl=1',2),(346,'724072','Ruby Pearl','ruby.pearl@niit.com','99999999999',NULL,NULL,'LC','IDC','CONTENT DEVELOPMENT','IDC2','admin@niit.com','2019-02-12 00:00:00','Vendor','https://i0.wp.com/www.winhelponline.com/blog/wp-content/uploads/2017/12/user.png?fit=256%2C256&quality=100&ssl=1',2),(347,'718012','Kajol Aikat','Kajol.9.Aikat@niit.com','99999999999',NULL,NULL,'LC','IDC','CONTENT DEVELOPMENT','IDC2','admin@niit.com','2019-02-12 00:00:00','Vendor','https://i0.wp.com/www.winhelponline.com/blog/wp-content/uploads/2017/12/user.png?fit=256%2C256&quality=100&ssl=1',2),(348,'718012','Madhulica Malik Marwah','Madhulica.9.Marwaha@niit.com','99999999999',NULL,NULL,'LC','IDC','CONTENT DEVELOPMENT','IDC2','admin@niit.com','2019-02-12 00:00:00','Vendor','https://i0.wp.com/www.winhelponline.com/blog/wp-content/uploads/2017/12/user.png?fit=256%2C256&quality=100&ssl=1',2),(349,'724127','Anshu Chitkara','anshu.9.chitkara@niit.com','99999999999',NULL,NULL,'LC','IDC','CONTENT DEVELOPMENT','IDC2','admin@niit.com','2019-02-12 00:00:00','Vendor','https://i0.wp.com/www.winhelponline.com/blog/wp-content/uploads/2017/12/user.png?fit=256%2C256&quality=100&ssl=1',2),(350,'718012','Srishti Sharma','Srishti.9.Sharma@niit.com','99999999999',NULL,NULL,'LC','IDC','CONTENT DEVELOPMENT','IDC2','admin@niit.com','2019-02-12 00:00:00','Vendor','https://i0.wp.com/www.winhelponline.com/blog/wp-content/uploads/2017/12/user.png?fit=256%2C256&quality=100&ssl=1',2),(351,'718012','Ankita Mehta','Ankita.9.Mehta@niit.com','99999999999',NULL,NULL,'LC','IDC','CONTENT DEVELOPMENT','IDC3','admin@niit.com','2019-02-12 00:00:00','Vendor','https://i0.wp.com/www.winhelponline.com/blog/wp-content/uploads/2017/12/user.png?fit=256%2C256&quality=100&ssl=1',2),(352,'724167','Roopali Suri','Roopali.9.Suri@niit.com','99999999999',NULL,NULL,'LC','IDC','CONTENT DEVELOPMENT','IDC3','admin@niit.com','2019-02-12 00:00:00','Vendor','https://i0.wp.com/www.winhelponline.com/blog/wp-content/uploads/2017/12/user.png?fit=256%2C256&quality=100&ssl=1',2),(353,'724204','Ruchika Matto','ruchika.matto@niit.com','99999999999',NULL,NULL,'LC','IDC','CONTENT DEVELOPMENT','IDC3','admin@niit.com','2019-02-12 00:00:00','Vendor','https://i0.wp.com/www.winhelponline.com/blog/wp-content/uploads/2017/12/user.png?fit=256%2C256&quality=100&ssl=1',2),(354,'718012','Vipin Sharma','vipin.sharma@niit.com','99999999999',NULL,NULL,'LC','IDC','CONTENT DEVELOPMENT','IDC3','admin@niit.com','2019-02-12 00:00:00','Vendor','https://i0.wp.com/www.winhelponline.com/blog/wp-content/uploads/2017/12/user.png?fit=256%2C256&quality=100&ssl=1',2),(355,'21652','dheeraj gupta','dheeraj.gupta@niit.com','9990025700',NULL,NULL,'LC','IDC','CONTENT DEVELOPMENT','IDC1','admin@niit.com','2019-02-19 00:00:00','FTE','https://i0.wp.com/www.winhelponline.com/blog/wp-content/uploads/2017/12/user.png?fit=256%2C256&quality=100&ssl=1',2),(356,'34221','Upasana Jain','upasana.jain@niit.com','9810265095',NULL,NULL,'LC','IDC','CONTENT DEVELOPMENT','IDC1','Sheetal.Chauhan@niit.com','2019-02-20 00:00:00','FTE','https://i0.wp.com/www.winhelponline.com/blog/wp-content/uploads/2017/12/user.png?fit=256%2C256&quality=100&ssl=1',2),(357,'34401','Divya Gera','divya.gera@niit.com','9625036158',NULL,NULL,'LC','IDC','CONTENT DEVELOPMENT','IDC1','Sheetal.Chauhan@niit.com','2019-04-08 00:00:00','FTE','https://i0.wp.com/www.winhelponline.com/blog/wp-content/uploads/2017/12/user.png?fit=256%2C256&quality=100&ssl=1',2),(360,'26262','test user11','test@gmail.com','8989898989','2019-04-24',NULL,'LC','IDC','CONTENT DEVELOPMENT','IDC1','admin@niit.com','2019-04-24 10:57:13','FTE','https://i0.wp.com/www.winhelponline.com/blog/wp-content/uploads/2017/12/user.png?fit=256%2C256&quality=100&ssl=1',3);
/*!40000 ALTER TABLE `users` ENABLE KEYS */;
UNLOCK TABLES;

--
-- Dumping routines for database 'squadhubmediadb'
--
/*!40103 SET TIME_ZONE=@OLD_TIME_ZONE */;

/*!40101 SET SQL_MODE=@OLD_SQL_MODE */;
/*!40014 SET FOREIGN_KEY_CHECKS=@OLD_FOREIGN_KEY_CHECKS */;
/*!40014 SET UNIQUE_CHECKS=@OLD_UNIQUE_CHECKS */;
/*!40101 SET CHARACTER_SET_CLIENT=@OLD_CHARACTER_SET_CLIENT */;
/*!40101 SET CHARACTER_SET_RESULTS=@OLD_CHARACTER_SET_RESULTS */;
/*!40101 SET COLLATION_CONNECTION=@OLD_COLLATION_CONNECTION */;
/*!40111 SET SQL_NOTES=@OLD_SQL_NOTES */;

-- Dump completed on 2019-05-02 17:41:02
